Timestamp,PM2.5 (µg/m³),PM10 (µg/m³),NO2 (µg/m³),NH3 (µg/m³),SO2 (µg/m³),CO (mg/m³),Ozone (µg/m³),AQI
01-01-2023,44.02197917,88.77802083,29.82729167,11.39520833,36.27583333,2.326666667,2.3428125,106
02-01-2023,39.48791667,64.8403125,23.53510417,11.32114583,24.771875,1.307708333,6.3740625,70
03-01-2023,51.11375,78.966875,25.70510417,11.356875,24.2146875,1.329479167,3.4553125,68
04-01-2023,55.60364583,81.48864583,21.08104167,11.07229167,22.58604167,1.027708333,5.218333333,74
05-01-2023,58.0440625,83.95114583,21.32552083,11.20729167,18.63833333,1.062395833,5.877083333,82
06-01-2023,55.727625,83.51988636,15.18934783,10.9165942,14.10565217,0.967355072,11.40699275,80
07-01-2023,62.17770833,90.07614583,19.72604167,11.12822917,14.29302083,1.173854167,10.52489583,86
08-01-2023,77.33375,113.3288542,30.07458333,11.74552083,18.75125,1.7684375,4.3709375,110
09-01-2023,42.04822917,82.7953125,39.54958333,12.50760417,20.2025,2.515104167,3.759166667,106
10-01-2023,45.19302083,73.11572917,22.83395833,11.418125,17.43302083,1.909791667,11.70927083,84
11-01-2023,55.98458333,69.303,31.8015625,11.7975,19.32166667,2.404791667,4.5221875,86
12-01-2023,49.53041667,80.180625,35.66291667,12.0725,19.90677083,2.029270833,4.949270833,73
13-01-2023,52.1046875,71.21041667,34.83791667,11.75635417,24.84916667,2.102708333,4.75875,80
14-01-2023,47.19552083,67.31229167,35.323125,11.47947917,30.6953125,1.891041667,4.0534375,79
15-01-2023,30.24197917,46.2128125,20.8015625,10.84885417,25.31333333,0.84,6.116770833,48
16-01-2023,37.46458333,46.68857143,32.4090625,11.84385417,20.569375,0.9790625,5.806770833,47
17-01-2023,75.93666667,116.0571429,30.84416667,12.0065625,16.6509375,1.032083333,17.66927083,101
18-01-2023,64.2875,117.3797917,36.1928125,12.32677083,16.7953125,1.23625,18.72510417,121
19-01-2023,84.77760417,154.9804167,52.21447917,12.233125,25.47958333,2.747291667,5.272604167,117
20-01-2023,68.36697917,141.4522917,56.24614583,12.85354167,29.54677083,2.607291667,3.2859375,149
21-01-2023,50.64555556,114.0034722,37.54722222,11.09916667,26.26291667,2.499444444,7.974305556,74
22-01-2023,54.88166667,115.5378125,37.19177083,10.99958333,32.97197917,2.7984375,2.771770833,101
23-01-2023,45.14522727,107.1893182,38.14829545,10.82238636,33.80431818,3.055909091,2.613977273,73
24-01-2023,36.515,90.32145833,31.8915625,11.08802083,29.71239583,1.681041667,3.490520833,78
25-01-2023,46.28322917,111.1223958,28.90947917,11.0734375,23.1246875,1.171041667,4.259270833,79
26-01-2023,29.81677083,63.104375,18.51802083,10.261875,16.39020833,0.669166667,3.3671875,70
27-01-2023,25.68541667,57.1146875,14.7315625,10.10739583,27.5759375,0.363541667,3.451145833,40
28-01-2023,22.3921875,59.03125,23.3984375,10.81770833,26.37375,0.4784375,4.692916667,51
29-01-2023,35.12322917,96.33625,41.456875,11.96239583,27.57729167,1.120625,4.171041667,68
30-01-2023,34.303125,82.92729167,34.54979167,11.70114583,27.753125,0.885833333,4.310416667,71
31-01-2023,24.01825,56.983625,19.44563492,10.76904762,21.58051587,0.415039683,8.575039683,54
01-02-2023,17.29364583,43.01552083,14.68208333,10.4534375,19.8740625,0.18,7.086145833,39
02-02-2023,19.48239583,51.24333333,18.55770833,10.82864583,17.341875,0.311666667,14.75854167,42
03-02-2023,20.47135417,54.309375,22.5771875,11.03541667,22.70635417,0.40125,6.674895833,44
04-02-2023,19.97673913,59.3051087,22.47989583,11.07572917,19.70583333,0.411458333,9.607083333,49
05-02-2023,20.65543478,59.57782609,26.008125,11.12635417,24.13041667,0.545833333,7.9975,45
06-02-2023,23.75072917,64.97125,29.87739583,11.354375,23.9734375,0.725520833,7.58,55
07-02-2023,17.5246875,59.65364583,27.70822917,11.07947917,24.05072917,0.5390625,8.099583333,58
08-02-2023,17.43347826,52.53852273,21.39173913,10.77427083,20.88677083,0.309270833,12.06322917,48
09-02-2023,17.38583333,60.89041667,25.97114583,11.4221875,14.86625,0.580208333,25.19302083,51
10-02-2023,24.81208333,93.52885417,45.57666667,11.60635417,28.18114583,1.9046875,6.829375,74
11-02-2023,21.66864583,75.106875,37.120625,11.52,34.754375,0.9034375,7.118958333,76
12-02-2023,13.91510417,60.7903125,18.3490625,10.57916667,30.36447917,0.216354167,9.129166667,49
13-02-2023,11.39197917,59.15208333,15.15666667,10.65125,22.0734375,0.166145833,14.06833333,48
14-02-2023,16.97395833,54.810625,22.96270833,11.1734375,25.19364583,0.374583333,10.60229167,50
15-02-2023,28.34739583,81.1690625,30.42822917,11.47125,21.21197917,0.91625,11.03875,62
16-02-2023,37.78208333,105.6983333,50.67864583,12.44708333,29.07520833,1.43625,8.4646875,94
17-02-2023,38.77552632,107.3006579,49.29074561,12.33644737,26.29074561,1.245394737,8.775877193,82
18-02-2023,36.06416667,98.583125,43.34677083,11.63083333,31.91458333,1.302604167,7.762604167,84
19-02-2023,41.66916667,104.9836458,39.98395833,11.18177083,36.48541667,1.462604167,8.155729167,85
20-02-2023,32.59958333,91.3503125,39.47708333,13.46520833,25.61583333,1.678854167,14.97541667,76
21-02-2023,26.3421875,94.12875,43.91572917,11.601875,17.43125,1.8196875,13.8021875,71
22-02-2023,19.71697917,65.43510417,32.86520833,11.4484375,21.63583333,0.846979167,18.87229167,61
23-02-2023,17.93604167,61.525,23.00354167,11.0615625,15.5665625,0.46125,13.29927083,50
24-02-2023,20.6790625,61.00677083,28.98229167,11.15552083,25.9684375,0.560520833,11.94802083,55
25-02-2023,24.59885417,82.17583333,38.82354167,13.06208333,11.23791667,1.219166667,13.2475,64
26-02-2023,24.0278125,84.8371875,42.60802083,12.4175,12.70833333,1.435,19.54385417,73
27-02-2023,23.79447917,84.40041667,45.31479167,13.44302083,13.16145833,1.644895833,17.29927083,69
28-02-2023,27.45333333,93.87447917,43.7828125,13.45270833,13.78916667,1.618020833,17.23614583,82
01-03-2023,23.17739583,83.8171875,47.8328125,12.36572917,18.9409375,1.268125,9.2621875,66
02-03-2023,20.92708333,73.63645833,24.93375,11.046875,13.12947917,0.614166667,21.34354167,66
03-03-2023,19.32692308,69.13173077,17.75576923,10.38115385,12.31596154,0.427115385,12.93211538,54
04-03-2023,13.2905,59.41692308,15.5215,10.78383333,13.38533333,0.406277778,24.84733333,51
05-03-2023,14.66552083,60.52208333,13.29427083,10.5815625,11.8615625,0.355625,18.00791667,50
06-03-2023,14.45020833,50.2634375,19.99927083,10.9115625,11.96322917,0.4628125,19.21385417,52
07-03-2023,23.9840625,67.28625,19.96739583,10.969375,12.42333333,0.621458333,22.55604167,70
08-03-2023,22.945,56.071875,12.9115625,10.60052083,12.80583333,0.651354167,23.1478125,54
09-03-2023,16.83979167,46.34770833,12.06625,10.13520833,21.45572917,0.380833333,9.409166667,46
10-03-2023,15.99065972,48.76128472,27.38270833,10.80638889,38.79482639,0.460972222,6.157152778,49
11-03-2023,19.05729167,55.03239583,29.61583333,11.00729167,42.70052083,0.6034375,6.4678125,48
12-03-2023,23.14989583,68.51083333,34.4196875,11.19458333,45.48927083,0.939270833,6.955,60
13-03-2023,29.74520833,78.97854167,36.21166667,11.98666667,28.57375,0.9146875,20.2775,66
14-03-2023,64.27760417,126.8276042,32.69447917,11.984375,13.34677083,0.812291667,26.2846875,101
15-03-2023,57.24947917,117.3584375,36.44260417,12.67916667,13.67802083,0.919479167,24.6834375,91
16-03-2023,56.55854167,122.7115625,44.42333333,12.86229167,14.06947917,1.020104167,24.87020833,99
17-03-2023,48.0509375,89.02954545,26.054375,11.56729167,13.98885417,0.6103125,24.4503125,71
18-03-2023,73.50675,114.9675,19.23068182,11.23022727,13.55590909,0.624545455,13.06204545,86
19-03-2023,,,,,,,,56
20-03-2023,32.5275,61.7165,14.131,10.6715,12.14266667,0.5084375,9.9795,46
21-03-2023,43.01615079,66.97103175,15.73325397,10.76956349,13.10246032,0.609920635,13.7018254,56
22-03-2023,24.98865385,41.19,8.640961538,9.988461538,12.30423077,0.2675,9.407115385,46
23-03-2023,38.24232143,75.03357143,27.7325,12.57821429,14.48982143,0.821785714,25.45696429,53
24-03-2023,56.72235294,112.1142647,21.10029412,11.14411765,14.35691176,0.967647059,20.97661765,82
25-03-2023,41.49846154,83.04641026,29.67269231,11.95576923,13.49711538,0.643630952,48.70237179,78
26-03-2023,47.20958333,90.35277778,18.19861111,11.13027778,13.22375,0.424444444,25.67152778,80
27-03-2023,25.69708333,66.34333333,7.155,10.08125,12.88541667,0.1175,25.30916667,50
28-03-2023,33.03678571,73.64964286,29.31607143,12.12285714,15.16821429,0.549285714,26.79821429,75
29-03-2023,45.3,97.39458333,38.86614583,12.7896875,15.17875,0.875416667,18.04802083,75
30-03-2023,50.4096875,111.0388542,41.49541667,12.90760417,15.02739583,0.859479167,26.94833333,96
31-03-2023,26.31295455,53.93011364,20.96420455,10.71909091,19.47939394,0.312954545,15.12295455,56
01-04-2023,27.8635,55.19866667,26.83875,12.1640625,14.393125,0.603676471,16.88875,35
02-04-2023,39.0046875,68.44385417,17.46,10.7209375,13.05822917,0.46625,17.611875,61
03-04-2023,36.26193182,74.95204545,28.90554348,13.20460145,10.91246377,1.097789855,23.47492754,52
04-04-2023,40.09833333,109.1345833,32.31947368,11.00241228,15.74640351,0.593026316,24.85899123,78
05-04-2023,28.14229167,74.3275,21.64020833,10.75302083,16.79041667,0.263020833,14.434375,66
06-04-2023,34.75072917,84.43104167,34.86125,11.8490625,16.34625,0.502291667,18.13260417,82
07-04-2023,32.80760417,89.01520833,30.41270833,11.544375,15.16364583,0.384895833,23.65770833,76
08-04-2023,38.9709375,102.3342708,36.90416667,12.05666667,15.36947917,0.516041667,25.05083333,90
09-04-2023,35.88177083,97.40760417,31.96,11.69291667,15.76885417,0.452708333,26.45572917,100
10-04-2023,32.45125,100.9433333,26.70833333,12.36708333,16.72416667,0.516666667,28.43125,94
11-04-2023,29.44068182,85.31568182,28.985625,11.42645833,14.95770833,0.352916667,41.00833333,87
12-04-2023,36.70763158,98.79934211,29.147875,11.472875,15.091,0.38075,28.587125,88
13-04-2023,37.5996875,105.7364583,36.395625,12.473125,15.76083333,0.7059375,30.36833333,98
14-04-2023,41.176875,107.599,49.98741667,12.40675,17.27233333,0.831791667,24.28475,98
15-04-2023,55.29770833,141.8210417,47.95666667,13.06583333,16.7725,0.855833333,25.44,104
16-04-2023,,,,,,,,87
17-04-2023,39.84270833,113.5441667,44.35807692,14.31346154,16.15,1.332884615,43.24019231,99
18-04-2023,35.7875,96.39927083,38.91270833,11.9453125,15.69541667,0.614166667,28.56416667,97
19-04-2023,34.17214286,95.56261905,23.21076087,11.29532609,18.41673913,0.307173913,35.70224638,84
20-04-2023,35.0125,106.7511111,24.19847222,11.00027778,33.23875,0.361666667,25.24425,85
21-04-2023,23.50214286,79.47714286,14.23285714,11.05446429,8.03375,0.127321429,37.61571429,71
22-04-2023,24.96722222,58.68694444,35.56333333,13.20055556,8.733888889,0.375277778,36.0525,52
23-04-2023,22.6009375,77.41072917,20.86270833,11.69489583,8.389375,0.153125,43.44395833,56
24-04-2023,26.49742754,66.75985507,16.90694444,11.36784722,8.298819444,0.276388889,46.48201389,66
25-04-2023,29.19125,51.69822917,27.23395833,12.35072917,8.613541667,0.579270833,62.83586806,64
26-04-2023,49.83979167,87.18989583,35.74927083,13.1146875,10.00916667,0.712916667,62.38475694,104
27-04-2023,24.2315625,52.75385417,24.23822917,12.09427083,9.145833333,0.401666667,58.66440972,62
28-04-2023,28.25083333,62.99322917,23.21645833,11.920625,9.337291667,0.288645833,52.7075,65
29-04-2023,18.813125,44.4253125,16.84,11.17666667,9.722083333,0.245416667,46.74666667,50
30-04-2023,23.73954545,73.54431818,14.47854167,11.04760417,9.420104167,0.205,32.64354167,47
01-05-2023,23.90291667,97.765,16.50369048,11.18845238,13.38142857,0.370238095,39.98420635,59
02-05-2023,22.84034091,44.59852273,17.61613636,11.48568182,10.20840909,0.327173913,47.04094697,49
03-05-2023,22.753875,43.88225,14.81847826,11.27695652,9.103695652,0.214673913,55.28397727,50
04-05-2023,17.87535714,31.20702381,8.966979167,10.5934375,8.339270833,0.174791667,47.28729167,49
05-05-2023,30.00635417,48.82166667,17.351875,11.36270833,8.824375,0.310833333,46.18625,52
06-05-2023,39.0234375,69.164375,21.11104167,11.66208333,9.880625,0.349895833,50.80545139,55
07-05-2023,34.0675,73.05208333,28.45895833,12.87645833,8.994479167,0.635625,46.11899306,60
08-05-2023,46.04575,100.4467045,42.75851449,13.38467391,11.85152174,1.08923913,35.18202899,73
09-05-2023,34.10822917,81.85572917,28.07458333,11.82666667,9.91375,0.425520833,40.79958333,70
10-05-2023,28.38583333,77.23882353,23.07558824,11.7825,9.104901961,0.305,50.53117647,62
11-05-2023,32.5740625,77.0315625,34.18791667,13.961875,9.967604167,0.946458333,52.57739583,70
12-05-2023,51.91608696,116.8279348,58.9778125,14.61625,12.9078125,1.506041667,46.94104167,82
13-05-2023,52.62739583,110.6661458,44.03375,13.73260417,12.29510417,1.05625,49.26104167,81
14-05-2023,44.8603125,101.8833333,29.606875,12.60208333,11.41447917,0.822291667,55.35072917,79
15-05-2023,46.17852273,130.9529545,41.82871212,13.85534091,12.78026515,1.394772727,46.49966667,76
16-05-2023,38.04885417,106.6213542,28.66354167,11.785,13.24395833,0.509479167,50.24114583,89
17-05-2023,43.20895833,165.2804167,29.5171875,12.80510417,11.15364583,0.95625,45.3621875,91
18-05-2023,34.0878125,123.5760417,16.48364583,10.88572917,12.22489583,0.3484375,59.02041667,89
19-05-2023,32.88927083,98.65364583,21.3534375,11.6475,10.3903125,0.3590625,52.63763889,73
20-05-2023,34.5525,115.7275,41.94442982,13.33574561,11.58302632,0.575921053,34.74504386,71
21-05-2023,37.1546875,101.6951042,38.08291667,13.31270833,12.00916667,0.787708333,50.07322917,74
22-05-2023,41.0778125,110.8190625,28.11989583,12.07416667,13.89197917,0.6834375,54.9659375,82
23-05-2023,28.63854167,88.47617647,14.92791667,10.96958333,11.84270833,0.306875,79.88885417,68
24-05-2023,31.09302083,111.59875,17.0215625,11.14395833,10.89135417,0.405,65.40784091,53
25-05-2023,41.6165,88.753,12.40172222,10.83561111,10.08977778,0.274635417,60.54533333,67
26-05-2023,28.12630435,59.93206522,13.8709375,10.96895833,9.437708333,0.225208333,63.44315217,62
27-05-2023,29.12677083,65.22197917,16.3709375,11.20739583,9.378854167,0.281666667,69.36145833,66
28-05-2023,35.25543478,97.77479167,13.77875,10.84,10.02885417,0.201041667,61.70756944,79
29-05-2023,38.21770833,90.70822917,20.58739583,11.44333333,9.401979167,0.462604167,63.28992063,83
30-05-2023,43.05738636,95.22760417,15.9253125,10.66145833,18.47552083,0.318958333,42.64638889,96
31-05-2023,34.397125,82.9925,20.62552083,10.76541667,26.0709375,0.293958333,22.59395833,85
01-06-2023,32.18596491,88.32144737,14.96742754,10.73293478,9.44192029,0.119384058,37.43318841,78
02-06-2023,30.89208333,79.12208333,16.74291667,10.94447917,10.66979167,0.209270833,41.0846875,75
03-06-2023,31.83427083,81.55479167,21.5753125,11.3709375,10.4603125,0.270416667,39.77020833,86
04-06-2023,37.76260417,112.06125,22.81208333,11.54354167,10.88864583,0.255416667,46.76111111,112
05-06-2023,29.83364583,75.5253125,20.273125,11.3240625,10.07177083,0.3625,47.42659722,72
06-06-2023,43.97385417,101.8254167,16.77916667,10.7384375,19.6115625,0.251979167,44.77777778,107
07-06-2023,46.21147727,100.21375,30.51395833,11.42770833,29.30104167,0.502083333,37.74470588,100
08-06-2023,45.19895833,120.6875,20.86927083,11.2253125,13.12322917,0.2884375,44.23583333,100
09-06-2023,39.56677083,119.2939583,22.91510417,11.36739583,12.304375,0.274583333,42.94708333,109
10-06-2023,38.80833333,101.9167708,28.87291667,11.98947917,12.17166667,0.445520833,45.83385417,100
11-06-2023,40.20895833,124.238125,25.32145833,11.51322917,12.26270833,0.341875,53.68361111,92
12-06-2023,41.44142857,143.0539286,23.36014493,11.49481884,13.77416667,0.451956522,47.60028986,93
13-06-2023,37.1784375,124.3090625,16.95489583,10.71760417,11.5084375,0.531354167,48.30239583,110
14-06-2023,24.74677083,92.49177083,12.03166667,10.44302083,11.999375,0.368333333,51.18735507,81
15-06-2023,22.97693182,74.44202381,12.06445652,10.42293478,12.80336957,0.337604167,28.70684783,74
16-06-2023,26.32333333,79.94854167,12.17520833,10.43989583,11.1378125,0.4028125,50.35430556,70
17-06-2023,28.11520833,72.22354167,19.14354167,11.04020833,11.46979167,0.490416667,52.71361111,71
18-06-2023,29.16020833,72.52510417,17.58822917,10.9965625,10.66125,0.5640625,54.19543478,74
19-06-2023,34.94902174,80.23695652,23.48717391,11.45576087,14.745,0.761195652,49.86746212,72
20-06-2023,25.84958333,61.26833333,15.52820833,10.39345833,22.53633333,0.5995,28.08355263,57
21-06-2023,23.06864583,58.07822917,16.97,10.3740625,30.32177083,0.599375,30.27803571,56
22-06-2023,27.40228261,58.62695652,20.29447917,10.8378125,11.89628472,0.746111111,45.65064394,46
23-06-2023,30.15552083,56.12229167,19.028125,11.35666667,12.94010417,0.6253125,47.75275362,60
24-06-2023,22.24166667,42.515125,10.95599206,10.34690476,12.29150794,0.494246032,13.43075397,51
25-06-2023,21.50613636,54.95181818,19.35354167,10.98270833,12.59041667,0.709652778,14.38625,50
26-06-2023,18.82166667,47.90885417,12.99645833,10.3571875,17.80979167,0.579583333,10.51520833,42
27-06-2023,15.17054348,31.09347826,14.68979167,10.2171875,28.06364583,0.593958333,8.8428125,41
28-06-2023,17.40113636,38.02886364,10.26163043,10.30293478,10.72206522,0.550625,12.37119565,41
29-06-2023,11.57839286,48.54660714,10.59597222,10.16069444,11.85069444,0.441413043,11.595,36
30-06-2023,14.22416667,97.86333333,15.00583333,10.15104167,13.29166667,0.697847222,17.925,36
01-07-2023,11.7034058,21.76289855,11.82020833,10.83777778,13.08361111,0.631701389,2.971527778,34
02-07-2023,10.9090625,24.10177083,9.256458333,10.55822917,10.6271875,0.521041667,2.963958333,32
03-07-2023,19.28013158,43.53205882,13.07395833,10.45989583,14.5946875,0.6965625,4.117708333,42
04-07-2023,15.681,37.49366667,14.2762037,10.35259259,15.71481481,0.740833333,9.006898148,40
05-07-2023,19.90836957,35.94141304,12.0475,10.74635417,16.1690625,0.6609375,11.33635417,38
06-07-2023,14.45532609,32.59065217,10.07385417,10.0678125,15.48364583,0.619930556,33.66894928,45
07-07-2023,12.57708333,26.035625,8.124236111,10.28729167,15.49177083,0.532916667,5.2653125,32
08-07-2023,12.35626812,29.28865942,13.95385417,10.53215278,12.88350694,0.743298611,5.087673611,32
09-07-2023,15.80239583,36.04072917,14.02677083,10.64729167,12.68770833,0.6403125,6.12625,42
10-07-2023,11.3725,25.90326087,9.881666667,10.33447917,13.47739583,0.646041667,5.883333333,32
11-07-2023,11.72147727,27.13967391,11.94638889,10.35961806,11.41354167,0.568263889,6.948402778,32
12-07-2023,16.8565625,34.73958333,15.14916667,10.6196875,11.395,0.671666667,8.026354167,39
13-07-2023,16.24590909,36.40477273,12.93144928,10.40228261,11.71130435,0.501493056,8.09673913,44
14-07-2023,15.08375,31.46479167,11.08083333,10.40666667,11.0221875,0.563229167,8.881145833,38
15-07-2023,12.9851087,25.98065217,11.12552083,10.4090625,11.48385417,0.579166667,9.188958333,30
16-07-2023,10.81010417,20.2103125,7.859375,10.0778125,11.13395833,0.535729167,7.438333333,32
17-07-2023,14.71479167,28.17645833,7.622048611,10.07520833,11.95291667,0.618125,8.973854167,31
18-07-2023,14.70359649,30.00092593,5.949166667,6.539246032,14.88916667,0.601666667,8.728769841,33
19-07-2023,16.03625,29.6225,4.336325758,4.30875,12.67864583,0.586770833,8.648645833,34
20-07-2023,12.77041667,28.08166667,4.759094203,4.292604167,11.8696875,0.565104167,8.801041667,31
21-07-2023,9.767391304,25.23086957,7.65173913,3.837291667,14.5578125,0.493229167,17.66065972,28
22-07-2023,9.160833333,23.74,13.63145833,3.940208333,11.78770833,0.525,30.419375,30
23-07-2023,8.878645833,23.04416667,12.81729167,3.889270833,11.44833333,0.457916667,33.02121528,31
24-07-2023,11.06583333,25.25041667,15.7578125,4.1853125,12.40354167,0.546041667,35.1971875,36
25-07-2023,12.51181818,33.13931818,16.89916667,4.2384375,11.90645833,0.584270833,29.53979167,33
26-07-2023,11.25875,30.77375,14.85302083,3.941354167,11.83375,0.547083333,26.07114583,32
27-07-2023,9.956086957,26.788,13.86197917,3.823958333,12.23375,0.483541667,28.90302083,29
28-07-2023,12.41104167,33.32916667,17.58333333,4.081354167,12.47427083,0.764791667,34.05211806,34
29-07-2023,12.32125,26.045,14.49364583,3.795833333,11.51104167,0.505208333,33.12715278,34
30-07-2023,12.392,20.5045,11.33145833,3.641666667,10.41979167,0.3678125,41.31951389,37
31-07-2023,10.78375,16.977,10.09854167,3.5434375,10.10052083,0.315,59.86048611,36
01-08-2023,14.30636364,22.14272727,8.220104167,3.425729167,11.10072917,0.297708333,53.25458333,32
02-08-2023,9.112678571,18.80857143,13.57635417,3.725416667,12.87385417,0.603958333,24.58452899,42
03-08-2023,8.171956522,17.25652174,11.94510417,3.666770833,13.13197917,0.546458333,23.73465909,34
04-08-2023,9.908333333,28.68333333,13.28239583,4.672708333,19.61947917,0.713854167,39.02572917,32
05-08-2023,9.665833333,23.91875,19.33458333,3.9228125,25.82947917,0.783958333,15.79458333,33
06-08-2023,11.70416667,18.40625,11.08739583,3.735520833,10.88541667,0.4278125,6.456722222,28
07-08-2023,11.40625,26.51291667,10.3728125,3.918854167,12.68114583,0.437916667,31.2875641,24
08-08-2023,14.40181818,39.75909091,14.05427083,3.858645833,11.560625,0.480104167,21.99989583,35
09-08-2023,15.61956522,42.74163043,12.31479167,3.882291667,14.91,0.473020833,18.0928125,83
10-08-2023,18.7573913,48.50782609,13.41802083,3.795625,12.78625,0.5,17.88760417,47
11-08-2023,19.66458333,51.65166667,11.69979167,3.755833333,12.1503125,0.426458333,30.59460145,46
12-08-2023,16.50329545,47.25818182,12.11510417,4.015520833,12.49822917,0.406006944,57.4969697,55
13-08-2023,14.35625,42.05833333,13.01729167,4.247708333,12.20041667,0.4546875,51.21701389,41
14-08-2023,15.09795455,40.15181818,15.74802083,4.051770833,14.3784375,0.548680556,51.33284722,57
15-08-2023,14.88583333,37.56875,12.63510417,3.89875,12.6184375,0.4140625,58.56090278,45
16-08-2023,14.6525,38.69291667,12.3603125,3.877708333,14.3296875,0.427708333,56.24518939,41
17-08-2023,12.40333333,32.05833333,14.24802083,4.103229167,12.67822917,0.526145833,50.99202899,47
18-08-2023,11.75416667,29.14416667,12.644375,3.691666667,23.076875,0.6453125,32.85083333,29
19-08-2023,9.519583333,28.66541667,15.5853125,3.9478125,27.0009375,0.7034375,5.360104167,29
20-08-2023,14.4575,32.83652174,14.14989583,4.266458333,11.08645833,0.595625,7.657395833,26
21-08-2023,17.91764706,35.93222222,12.959375,4.115625,11.22104167,0.611875,9.587604167,39
22-08-2023,18.99208333,34.98,17.20270833,4.738125,11.48927083,0.7659375,10.94447917,39
23-08-2023,13.7885,28.88816667,13.80852273,4.213181818,12.51886364,0.561086957,17.84132576,24
24-08-2023,15.06125,28.21916667,10.5496875,3.702395833,18.59802083,0.370729167,47.94315789,27
25-08-2023,15.31578947,34.65526316,13.04822917,3.8540625,23.05010417,0.438854167,41.29762821,29
26-08-2023,25.58,57.04285714,8.9146875,3.803229167,10.00854167,0.355729167,80.2403125,47
27-08-2023,201.5633333,,8.846770833,3.832916667,9.483645833,0.32125,88.5315625,65
28-08-2023,299.084375,83.95125,6.110686275,3.704375,14.63760417,0.338541667,32.79054348,181
29-08-2023,28.27026316,69.25394737,8.815833333,3.900039683,10.41761905,0.360277778,1.863650794,64
30-08-2023,18.86083333,46.20875,13.44986111,3.946736111,12.26017361,0.482708333,9.741493056,47
31-08-2023,20.79166667,50.94,12.98958333,3.738541667,13.05208333,0.414583333,20.47791667,44
01-09-2023,25.1434375,61.58822917,13.426875,3.773125,13.32052083,0.456041667,27.68864583,58
02-09-2023,26.79583333,65.65041667,13.97541667,3.832604167,13.67166667,0.411770833,35.03444444,64
03-09-2023,22.69,55.59125,16.64645833,4.0365625,13.24020833,0.468645833,39.42597222,54
04-09-2023,13.33,32.65833333,17.70447917,4.164166667,13.7025,0.572291667,43.30871528,40
05-09-2023,9.919166667,24.30166667,13.08229167,3.813333333,16.0784375,0.569270833,15.52229167,26
06-09-2023,8.152083333,19.97270833,12.59958333,3.64,18.17291667,0.568958333,3.8853125,24
07-09-2023,7.910441176,19.38367647,14.09289474,3.792631579,18.50302632,0.663026316,6.434473684,24
08-09-2023,7.816875,19.14833333,10.66083333,3.597083333,18.25197917,0.505833333,7.36875,23
09-09-2023,8.888333333,21.77625,12.43614583,3.729583333,18.06135417,0.575,7.6396875,23
10-09-2023,12.15635417,29.78135417,13.6740625,3.830729167,18.121875,0.589791667,7.495625,24
11-09-2023,15.76166667,38.61625,18.09791667,4.1134375,19.89708333,0.801458333,7.301979167,34
12-09-2023,15.435625,37.81125,16.8121875,3.943229167,20.7240625,0.806875,6.19375,35
13-09-2023,15.07666667,36.93875,14.85010417,3.756145833,21.30854167,0.721979167,5.820416667,43
14-09-2023,11.45416667,28.0625,18.081875,4.049479167,23.15385417,0.724895833,5.275416667,29
15-09-2023,10.7725,26.3925,12.4825,3.5753125,21.31239583,0.561145833,5.331666667,27
16-09-2023,12.49,30.60041667,15.3284375,3.950729167,20.91864583,0.675104167,5.243645833,28
17-09-2023,12.69916667,31.11291667,12.27885417,3.639791667,19.4740625,0.642604167,5.665104167,30
18-09-2023,10.95416667,26.83791667,11.8615625,3.762604167,12.67229167,0.481770833,6.580520833,27
19-09-2023,12.26083333,30.03833333,15.84333333,4.139375,14.00895833,0.740416667,5.3328125,28
20-09-2023,10.7525,26.34375,14.34125,3.946875,16.76072917,0.621875,5.3659375,27
21-09-2023,10.32034091,25.28818182,10.81543478,3.534673913,20.80347826,0.613854167,5.043043478,26
22-09-2023,8.5825,21.02708333,9.8728125,3.467395833,20.6084375,0.624375,5.426875,25
23-09-2023,6.48,15.87541667,10.865625,3.253854167,28.5009375,0.475104167,4.827916667,26
24-09-2023,7.3375,17.97666667,11.85635417,3.311666667,28.7565625,0.504791667,4.816354167,26
25-09-2023,10.32166667,25.28708333,13.4584375,3.676875,24.76520833,0.604270833,5.450104167,28
26-09-2023,14.56375,35.68,14.30270833,3.4515625,29.24604167,0.524895833,5.167291667,28
27-09-2023,18.5725,45.50208333,16.86239583,3.6471875,29.65385417,0.600208333,7.688854167,42
28-09-2023,18.89010417,46.27791667,17.15583333,3.73625,29.60052083,0.552708333,12.383125,40
29-09-2023,19.29,47.260625,13.47270833,4.590729167,21.705,0.731770833,23.72135417,48
30-09-2023,17.31,42.42666667,3.596666667,4.7228125,14.91041667,0.5421875,14.17895833,46
01-10-2023,9.935,24.35041667,1.3190625,4.165625,14.44989583,0.48625,8.445625,18
02-10-2023,6.346710526,15.55105263,1.940471014,3.621594203,14.31634058,0.348913043,10.22625,23
03-10-2023,5.615,13.75666667,1.325,4.013854167,13.75635417,0.413541667,6.7521875,25
04-10-2023,7.961666667,19.50541667,1.323645833,3.973020833,14.65864583,0.42125,6.319270833,28
05-10-2023,8.89,21.78,1.367291667,4.109166667,11.77447917,0.506666667,4.638229167,28
06-10-2023,11.05166667,27.0775,1.308020833,4.356875,12.676875,0.462083333,4.9559375,28
07-10-2023,18.94369565,46.67227273,1.8175,4.413541667,13.3128125,0.370833333,7.3165625,33
08-10-2023,29.30604167,71.78875,1.31125,4.674583333,14.62833333,0.641979167,7.662708333,80
09-10-2023,23.4425,57.43227273,1.785208333,4.2971875,13.85145833,0.379444444,6.770833333,77
10-10-2023,20.75022727,50.83545455,1.919583333,4.2409375,11.86770833,0.293854167,6.29125,58
11-10-2023,20.93375,51.26454545,1.548645833,4.450208333,12.03447917,0.2884375,6.657395833,50
12-10-2023,26.57697917,65.11291667,1.351666667,5.102083333,12.50947917,0.600104167,6.542604167,66
13-10-2023,28.54625,69.93041667,1.3459375,5.623958333,14.6571875,0.690104167,7.485104167,68
14-10-2023,32.48193182,79.58954545,1.592916667,5.396875,15.24666667,0.648229167,6.27625,80
15-10-2023,27.19333333,66.62333333,1.3834375,4.344270833,11.42989583,0.566770833,6.86125,70
16-10-2023,31.06916667,76.11916667,1.3675,4.763645833,12.71708333,0.7665625,7.351145833,83
17-10-2023,15.33555556,37.55333333,2.763219697,4.362954545,11.19204545,0.312753623,6.366212121,46
18-10-2023,16.54,40.52291667,1.3496875,4.394479167,12.86229167,0.2821875,5.713958333,40
19-10-2023,20.08125,49.19208333,1.327708333,4.016145833,15.4703125,0.268333333,5.574375,52
20-10-2023,30.35916667,74.38,1.2415625,4.2384375,24.7425,0.4740625,5.054166667,61
21-10-2023,35.02916667,85.82166667,1.183958333,4.365625,29.85875,0.7778125,6.055833333,79
22-10-2023,32.58854167,79.835,1.171979167,4.279166667,36.6375,0.858333333,5.0453125,79
23-10-2023,36.2875,88.90416667,1.162604167,4.456041667,37.34302083,1.199479167,4.675729167,80
24-10-2023,29.84166667,73.11333333,1.1271875,4.395833333,36.86020833,0.888958333,4.809166667,78
25-10-2023,30.32272727,74.29136364,1.879270833,4.489166667,36.0975,0.594375,4.837395833,70
26-10-2023,28.255,69.22458333,1.145729167,4.5571875,36.00760417,0.5228125,4.770416667,70
27-10-2023,34.405,84.2925,1.1409375,4.304270833,36.95333333,1.048958333,4.691770833,74
28-10-2023,35.1421875,91.380625,1.157291667,4.8115625,38.60729167,1.338541667,4.254166667,80
29-10-2023,25.07590909,78.54852273,1.342361111,4.874965278,38.56006944,1.149791667,4.756423611,77
30-10-2023,26.91958333,84.3525,1.291145833,6.590104167,26.4684375,1.408645833,5.4234375,80
31-10-2023,33.73909091,102.1263636,1.729201389,7.143541667,15.439375,1.800590278,4.918020833,84
01-11-2023,32.15083333,90.02583333,1.319791667,5.543333333,15.961875,1.475729167,4.8165625,89
02-11-2023,26.04125,72.91833333,1.389583333,6.131666667,15.85270833,1.379791667,4.493229167,66
03-11-2023,24.39666667,68.31416667,1.348125,5.705625,15.37354167,1.0953125,5.532708333,67
04-11-2023,28.96666667,81.10833333,1.310208333,6.132604167,15.33635417,1.320104167,5.9553125,78
05-11-2023,36.05166667,100.9466667,1.309270833,6.496979167,16.11833333,1.689895833,5.349479167,86
06-11-2023,37.81208333,105.87625,1.288541667,4.9296875,24.698125,1.2284375,4.9609375,108
07-11-2023,39.89541667,111.7054167,1.155625,4.7303125,38.1084375,1.153125,4.770520833,100
08-11-2023,43.52541667,118.505,1.221493056,5.385659722,36.60756944,1.406458333,4.851944444,93
09-11-2023,53.60619048,139.3119048,1.271979167,3.259722222,28.36927083,2.340729167,5.1859375,121
10-11-2023,51.23608696,133.2134783,1.248125,7.768645833,32.9728125,2.642916667,7.172708333,130
11-11-2023,56.42791667,143.1195833,1.3815625,4.733229167,19.18229167,1.8328125,4.482083333,161
12-11-2023,107.3216667,141.998125,1.328645833,5.6390625,16.04635417,1.083854167,5.4896875,108
13-11-2023,177.6851042,193.6898913,1.364166667,5.7721875,17.3521875,1.3309375,6.959270833,192
14-11-2023,32.84041667,54.73416667,1.361458333,6.865416667,16.3965625,1.733125,5.975833333,78
15-11-2023,36.56427083,66.1771875,1.362395833,6.395520833,17.63708333,1.856666667,6.384270833,64
16-11-2023,46.06541667,88.29125,1.338333333,7.705208333,18.69145833,2.230625,5.40375,75
17-11-2023,40.07354167,75.20625,1.337291667,6.051458333,17.00489583,1.2275,5.634270833,82
18-11-2023,34.21407895,68.325,1.288020833,5.254791667,20.82614583,1.165208333,4.959375,66
19-11-2023,42.6640625,78.01125,1.293541667,4.611458333,24.85625,1.551354167,5.027083333,70
20-11-2023,42.23072917,78.20625,1.259479167,4.970208333,24.38302083,1.525729167,5.485520833,72
21-11-2023,41.22,76.89125,1.312395833,4.5984375,22.41447917,0.984166667,7.7959375,78
22-11-2023,42.31822917,74.585,1.311979167,4.615833333,21.13114583,0.81875,8.1340625,70
23-11-2023,61.01364583,131.5725,1.268645833,5.145729167,24.291875,1.985729167,7.128541667,94
24-11-2023,54.70385417,108.91625,28.36229167,5.33125,25.77864583,2.57,6.379479167,98
25-11-2023,56.85822917,113.1975,53.973125,5.159479167,26.234375,2.7659375,5.556979167,94
26-11-2023,53.5225,107.605,55.90041667,5.499479167,26.21604167,2.452916667,5.243958333,97
27-11-2023,57.97416667,116.81375,47.06489583,5.3971875,24.51697917,1.925833333,8.6225,92
28-11-2023,61.21708333,115.59125,43.0675,5.326666667,23.98229167,2.290520833,6.1975,113
29-11-2023,35.9446875,74.125,37.69375,5.148541667,22.50364583,1.518645833,6.0009375,72
30-11-2023,45.21636364,77.66181818,34.88274306,5.187916667,23.10003472,1.453993056,6.655486111,80
01-12-2023,36.45375,66.87,26.11166667,4.524791667,22.33385417,1.397604167,4.6046875,61
02-12-2023,33.71458333,63.3325,26.416875,4.5990625,22.78114583,1.406354167,5.027604167,57
03-12-2023,35.80697917,68.65,29.84895833,4.912395833,22.78291667,1.367604167,5.486666667,61
04-12-2023,31.92677083,66.85,33.22708333,5.181875,23.27114583,1.498854167,5.062395833,60
05-12-2023,13.92708333,29.43,21.36760417,4.288958333,19.78822917,0.421458333,4.506041667,31
06-12-2023,24.53541667,47.55572917,26.20572917,4.7021875,21.613125,0.855729167,4.144895833,46
07-12-2023,20.58145833,27.48270833,20.32625,4.143541667,20.30208333,0.555,3.965104167,27
08-12-2023,34.3125,44.78154762,20.38857639,4.154270833,19.96541667,0.635277778,5.147638889,36
09-12-2023,55.49125,73.98833333,22.85989583,4.4221875,19.65864583,0.658229167,6.086145833,56
10-12-2023,61.00072917,79.34125,25.78614583,4.595729167,19.16635417,0.648020833,6.777916667,84
11-12-2023,65.5575,80.12583333,35.055625,4.838333333,21.98989583,1.738333333,6.66,70
12-12-2023,78.32010417,107.3872917,38.64041667,4.385833333,33.52916667,2.6221875,5.105833333,109
13-12-2023,44.4346875,79.37541667,31.6065625,4.96875,29.14791667,1.326770833,6.648541667,88
14-12-2023,36.4025,72.8075,30.168125,5.042916667,19.61479167,0.859791667,5.611666667,75
15-12-2023,37.44333333,74.88875,33.96833333,5.293645833,20.0325,0.93625,6.022395833,75
16-12-2023,45.51541667,91.0325,36.58854167,5.551875,20.85041667,1.184270833,5.823333333,92
17-12-2023,42.57083333,85.14375,33.63520833,5.366145833,20.42333333,0.987083333,6.289583333,93
18-12-2023,45.44136364,90.885,30.98729167,5.176770833,20.38479167,1.1146875,6.465729167,90
19-12-2023,40.30727273,80.61681818,31.07145833,5.164479167,20.45645833,1.049791667,5.812395833,83
20-12-2023,42.71041667,85.42375,29.9028125,5.12875,20.27447917,0.974479167,6.091875,89
21-12-2023,49.3575,98.7175,33.91260417,5.2209375,21.64364583,1.5625,5.9121875,85
22-12-2023,58.17125,116.3425,39.6190625,5.814375,24.26989583,1.557916667,6.340104167,108
23-12-2023,70.68989583,142.0427083,42.22239583,5.4309375,25.93864583,2.5196875,4.2640625,122
24-12-2023,48.14125,100.2929167,38.90666667,4.689791667,29.03802083,2.603020833,4.483229167,113
25-12-2023,36.89166667,76.85958333,31.01104167,4.84,24.8953125,1.488229167,5.7303125,83
26-12-2023,37.36958333,80.52916667,29.12052083,4.888645833,23.8665625,1.463541667,5.4471875,84
27-12-2023,50.53375,113.70125,33.3265625,5.151770833,25.94677083,2.126875,5.364375,96
28-12-2023,44.09041667,99.2025,26.91270833,4.826458333,24.16677083,1.610625,4.371458333,96
29-12-2023,36.23,81.51916667,21.056875,4.568125,20.78208333,1.0221875,6.185,80
30-12-2023,40.05375,90.12041667,19.08,3.623541667,28.21663194,0.819583333,6.162916667,80
31-12-2023,39.93291667,89.8525,18.5765625,3.11375,51.671875,0.768229167,5.736875,82
01-01-2024,37.25,83.81,19,3.28,47.59,1.06,4.34,82
02-01-2024,58.41,131.43,22.74,3.12,49.28,2.59,4.81,104
03-01-2024,47.94,108.62,20.78,3.29,50.21,1.92,4.5,120
04-01-2024,31.19,77.97,16.86,2.83,51.35,1.66,4.61,94
05-01-2024,26.32,65.81,13.52,2.79,38.33,1.37,4.26,68
06-01-2024,21.83,54.57,10.77,2.6,25.49,1.09,4.14,61
07-01-2024,21.57,53.92,10.75,2.51,25.96,0.89,4.54,55
08-01-2024,22.72,56.8,14.52,2.72,26.51,1.03,5.48,54
09-01-2024,24.37,60.93,18.8,3.16,27.16,1.13,6.12,59
10-01-2024,16.88,42.21,9.26,2.39,27.51,0.62,5.36,48
11-01-2024,17.77,44.44,12.19,2.66,27.53,0.68,5.01,37
12-01-2024,28.94,72.35,14.81,2.92,27.46,1.03,4.7,57
13-01-2024,24.98,62.44,13.81,2.87,27.63,1,6,63
14-01-2024,26.19,65.48,14.33,3.03,28.06,1.13,4.79,62
15-01-2024,29.02,72.56,11.5,2.78,28.07,1,6.63,64
16-01-2024,33.25,83.13,14.22,3.18,27.93,1.09,4.38,80
17-01-2024,25.71,64.28,9.9,2.97,27.15,0.2,4.51,55
18-01-2024,24.72,61.8,8.69,2.9,27.05,0.1,4.72,56
19-01-2024,26.98,67.46,9.28,2.89,27.01,1.11,5.76,64
20-01-2024,29.28,73.21,10.53,3.1,27.29,1.81,4.93,75
21-01-2024,25.69,64.22,7.43,2.78,27.48,0.36,5.33,53
22-01-2024,43.12,107.8,11.92,3.04,27.39,1.25,4.65,79
23-01-2024,30.63,76.58,11.25,3.21,27.69,0.87,4.49,71
24-01-2024,31.5,78.76,9.62,3.1,27.76,0.98,4.11,72
25-01-2024,30.8,77,10.89,3.09,27.78,1.05,4.68,73
26-01-2024,37.05,92.62,10.7,3.26,27.99,1.05,4.32,76
27-01-2024,32.39,80.99,12.68,2.83,27.59,1.88,7.3,66
28-01-2024,24.37,60.91,13.55,3.32,27.2,2.48,4.81,73
29-01-2024,22.38,55.94,12.25,3.5,28.04,0.44,5.45,63
30-01-2024,26.77,66.93,21.62,4.25,28.59,0.88,6.72,74
31-01-2024,32.5,81.26,39.3,5.28,28.1,1.97,10.97,95
01-02-2024,16.94,45.85,13.45,3.53,27.78,0.41,32.07,56
02-02-2024,13.24,41.48,3.68,2.85,28.25,0.69,61.22,62
03-02-2024,15.62,32.37,1.24,2.41,28.72,0.26,50.08,42
04-02-2024,31.91,44.67,3.3,2.69,29.13,0.3,44.07,39
05-02-2024,29.6,41.43,2.68,3.32,29.53,0.52,91.47,47
06-02-2024,24.36,34.09,1.83,2.6,28.2,0.21,110.96,42
07-02-2024,33.26,46.57,2.74,2.61,25.76,0.23,126.02,48
08-02-2024,35.14,49.2,0.06,2.35,25.43,0.13,,48
09-02-2024,47.74,66.84,21.77,3.58,25.47,0.6,,55
10-02-2024,76.67,107.34,11.5,4.73,25.65,1.17,,139
11-02-2024,71.21,101.37,10.75,5.17,26.3,1.54,,133
12-02-2024,42.89,63.63,,3.22,28.01,1.7,6.82,117
13-02-2024,18.36,36.72,,3.17,30.08,0.81,,42
14-02-2024,14.76,29.53,0.92,2.56,30.63,0.69,9.31,32
15-02-2024,26.01,52.03,4.47,3.52,37.38,0.98,16.84,33
16-02-2024,19.47,38.93,4.89,2.84,45.66,0.79,23.13,41
17-02-2024,18.16,36.31,,3.12,55.3,0.45,1.06,48
18-02-2024,20.66,41.33,,3.51,57.98,0.56,0.65,48
19-02-2024,16.89,33.78,,3.92,41.09,0.49,7.29,39
20-02-2024,17.41,34.81,32.45,4.33,30.67,0.48,10.44,36
21-02-2024,11.02,22.04,1.09,3.9,24.54,0.52,3.29,28
22-02-2024,10.67,21.35,1.23,3.42,18.33,0.35,3.56,22
23-02-2024,15.3,30.58,1.43,2.91,18.3,0.45,4.62,26
24-02-2024,17.83,35.67,1.55,3.47,18.03,0.72,4.13,34
25-02-2024,20.93,41.86,1.71,3.18,17.36,0.87,4.45,32
26-02-2024,26.16,52.32,1.27,3.26,17.4,1.42,4.25,46
27-02-2024,21.63,43.25,1.24,3.19,17.75,0.89,2.14,48
28-02-2024,9.97,19.94,1.23,2.49,17.69,0.16,6.32,22
29-02-2024,11.7,23.4,1.13,2.55,30.46,0.17,8.46,28
01-03-2024,15.48,30.82,1.36,3.28,35.29,0.43,9.97,34
02-03-2024,18.4,36.8,1.13,3.46,38.87,0.63,2.47,40
03-03-2024,7.61,15.22,1.11,2.84,36.72,0.12,1.12,56
04-03-2024,10.02,20.04,1.06,2.54,36.45,0.08,3.23,29
05-03-2024,8.75,17.51,1.13,2.45,35.2,0.03,6.39,23
06-03-2024,12.16,24.33,1.11,2.77,38.32,0.1,6.19,30
07-03-2024,11.98,23.97,1.55,2.99,28.64,0.19,9.94,32
08-03-2024,10.99,21.98,1.29,2.77,17.11,0.19,7.98,24
09-03-2024,11.87,23.74,1.27,2.64,17.7,0.19,9.72,24
10-03-2024,14.86,29.71,1.49,3.2,17.46,0.48,8.94,30
11-03-2024,16.76,33.53,1.64,3.85,17.44,0.74,10.27,36
12-03-2024,16.45,32.9,2.66,2.74,22.88,0.4,6.99,39
13-03-2024,16.27,32.52,1.07,3.1,41.1,0.47,3.3,38
14-03-2024,18.75,37.48,1.07,3.49,46.1,0.69,2.85,41
15-03-2024,18.96,37.98,1.22,3.72,30.9,0.69,3.57,44
16-03-2024,15.79,31.57,1.24,3.45,21,0.4,2.82,35
17-03-2024,18.65,37.29,1.05,3.07,39.76,0.39,4.01,38
18-03-2024,23.98,47.97,1.25,4.29,25.96,1.02,5.52,57
19-03-2024,18.73,37.45,1.49,3.58,16.07,0.6,6.67,48
20-03-2024,9.85,19.7,1.63,3.09,15.85,0.28,3.04,24
21-03-2024,6.94,13.88,1.29,3.27,16.15,0.55,2.88,21
22-03-2024,13.89,27.73,1.21,3.4,18.22,0.64,3.43,26
23-03-2024,18.07,36.11,1.54,3.31,20.15,0.62,4.45,31
24-03-2024,19.4,38.8,1.22,3.47,19.94,1.07,5,34
25-03-2024,19.48,38.95,1.4,2.72,20.23,0.8,5.49,45
26-03-2024,13.98,27.94,1.22,2.83,20.25,0.6,6.36,29
27-03-2024,17.15,34.31,1.23,3.72,20.37,1.19,4.56,32
28-03-2024,19.52,39.05,1.22,3.28,20.71,0.73,6.14,38
29-03-2024,16.82,33.62,1.19,3.26,21.1,0.71,4.49,32
30-03-2024,20.95,41.92,1.19,3.68,21.25,0.78,4.86,46
31-03-2024,12.73,25.47,1.2,2.41,20.96,0.16,6.26,30
01-04-2024,15.69,31.36,1.23,2.35,19.31,0.11,11.33,30
02-04-2024,17.67,35.36,1.63,2.5,18.42,0.21,10.03,34
03-04-2024,16.79,33.56,1.21,3.69,20.47,0.66,7.35,32
04-04-2024,20.25,40.5,1.21,3.79,20.75,0.87,6.52,44
05-04-2024,18.73,37.28,1.81,3.04,20.93,0.47,6.68,43
06-04-2024,17.8,35.6,1.28,2.98,20.67,0.4,7.37,36
07-04-2024,16.07,32.14,1.23,2.98,20.55,0.36,6.87,41
08-04-2024,13.27,26.55,1.24,3.21,20.46,0.48,6.04,31
09-04-2024,13.93,27.85,1.24,2.94,20.23,0.36,6.88,29
10-04-2024,17.57,35.13,1.22,4.15,20.18,1.15,8.41,34
11-04-2024,13.91,27.84,1.22,3.15,20.07,0.57,7.99,40
12-04-2024,14.63,29.28,1.21,2.86,20.05,0.39,8.04,30
13-04-2024,16.94,33.86,1.18,4.5,20.03,1.02,7.87,35
14-04-2024,13.43,26.88,1.23,2.9,20.27,0.44,7.12,35
15-04-2024,16.35,32.7,1.22,3.07,20.51,0.45,9.97,36
16-04-2024,17.97,35.94,1.23,2.53,20.79,0.33,8.18,35
17-04-2024,18.9,37.81,1.2,2.3,21.17,0.22,10.95,37
18-04-2024,17.53,35.06,1.25,2.37,20.92,0.17,10.66,36
19-04-2024,16.86,33.72,1.24,2.35,21.15,0.16,9.9,35
20-04-2024,16.76,33.5,1.21,2.6,21.14,0.19,8.55,32
21-04-2024,20.18,40.36,1.25,2.67,20.93,0.24,11.96,40
22-04-2024,16.39,32.77,1.23,3.13,21.13,0.51,8.3,34
23-04-2024,12.17,24.36,1.21,2.51,21.15,0.23,9.08,28
24-04-2024,12.44,24.83,1.24,3.02,21,0.29,8.54,27
25-04-2024,14.13,28.27,1.22,2.96,22.21,0.32,11.13,38
26-04-2024,14.24,28.5,1.26,3.05,21.19,0.34,10.25,35
27-04-2024,11.45,22.92,1.24,2.35,20.95,0.13,9.67,29
28-04-2024,14.99,29.98,1.21,2.42,21.41,0.2,9.4,31
29-04-2024,16.92,33.83,1.24,3.74,21.64,0.68,10.4,38
30-04-2024,19.7,39.42,1.23,2.41,21.59,0.28,12.33,45
01-05-2024,16.64,33.27,1.22,3.2,21.01,0.43,13.33,39
02-05-2024,17.96,35.95,1.23,2.66,20.6,0.25,13.75,42
03-05-2024,17.37,34.76,1.18,3.63,20.88,0.61,14.61,49
04-05-2024,19.96,39.9,1.21,4.03,19.95,0.68,13.76,56
05-05-2024,24.67,49.36,1.24,4.42,20.6,1.39,12.61,67
06-05-2024,21.94,43.88,1.26,2.74,21.54,0.79,9.16,60
07-05-2024,16.07,32.14,1.28,2.4,20.05,0.32,9.86,37
08-05-2024,10.4,20.81,1.3,2.67,18.6,0.36,12.59,29
09-05-2024,10.8,21.59,1.3,2.46,18.71,0.37,14.27,28
10-05-2024,10.21,20.43,1.29,2.78,18.89,0.43,14.41,27
11-05-2024,15.5,31.01,1.28,2.69,18.95,0.5,13.96,30
12-05-2024,12.71,25.43,1.23,2.47,18.97,0.39,15.6,38
13-05-2024,11.09,22.17,1.28,2.32,19.14,0.38,15,29
14-05-2024,13.63,27.25,1.32,2.96,19.12,0.58,14.5,32
15-05-2024,14.87,29.76,1.24,3.06,19.17,0.45,14.98,39
16-05-2024,18.69,37.38,1.28,3.82,19.26,0.98,16.91,44
17-05-2024,19.65,39.3,1.32,3,19.71,0.64,11.75,47
18-05-2024,13.8,27.6,1.42,3.27,19.84,0.65,9.99,31
19-05-2024,14.47,28.93,1.65,3.03,19.52,0.5,9.79,31
20-05-2024,15.18,30.36,1.3,2.36,19.61,0.35,12.79,36
21-05-2024,5.45,18.99,1.24,2.34,20.05,0.31,12.25,29
22-05-2024,3.4,16.71,1.28,2.26,19.79,0.31,11.22,30
23-05-2024,,,1.33,2.23,19.96,0.31,7.76,29
24-05-2024,34.15,52.96,1.24,3.3,22.79,0.75,7.13,29
25-05-2024,30.67,47.59,1.22,3,22.92,0.6,7.11,34
26-05-2024,30.53,47.37,1.26,2.54,22.95,0.41,8.86,36
27-05-2024,21.27,32.99,2.15,2.51,22.67,0.33,10.2,31
28-05-2024,32.91,51.07,3.51,2.61,20.02,0.4,12.15,33
29-05-2024,44.76,69.46,4.27,3.56,19.92,0.87,14.01,45
30-05-2024,46.52,70.47,2.95,3.04,19.76,0.47,11.2,61
31-05-2024,36.56,50.03,1.34,2.31,19.95,0.38,11.35,48
01-06-2024,22.45,30.73,1.29,2.2,19.87,0.43,11.5,44
02-06-2024,25.55,34.97,1.28,2.08,20.13,0.3,12.66,40
03-06-2024,24.05,32.92,1.29,3.11,20.24,0.54,11.29,37
04-06-2024,28.37,38.83,1.26,2.79,20.3,0.37,15.04,40
05-06-2024,24.22,33.15,1.27,2.39,20.31,0.48,13.99,41
06-06-2024,29.98,41.03,1.36,2.76,21.36,0.42,10.46,45
07-06-2024,34.4,47.07,1.23,3.11,22.92,0.58,12.34,50
08-06-2024,41.62,56.95,1.19,3.1,23.59,0.5,12.67,57
09-06-2024,31.72,43.41,1.23,3.03,23.33,0.43,11.06,48
10-06-2024,33.32,45.6,1.23,3.3,22.55,0.47,12.44,59
11-06-2024,28.13,38.49,1.31,3.31,21.6,0.45,11.92,44
12-06-2024,34.27,46.87,1.33,4.26,20.01,1.08,13.15,52
13-06-2024,34.73,47.53,1.2,2.94,22.79,0.41,10.63,55
14-06-2024,27.56,37.72,1.25,2.62,25.52,0.27,6.52,46
15-06-2024,33.86,46.34,1.19,2.62,25.8,0.32,7.04,57
16-06-2024,29.08,39.8,1.21,2.71,27.33,0.26,5.95,50
17-06-2024,26.4,36.13,1.26,2.17,26.17,0.19,6.93,48
18-06-2024,25.54,34.94,1.2,2.1,24.04,0.15,7.64,48
19-06-2024,17.23,23.57,1.2,2.19,22.97,0.16,6.59,35
20-06-2024,16.69,22.84,1.18,2.39,22.75,0.29,7.88,30
21-06-2024,14.27,19.53,1.17,2.42,22.38,0.29,9.52,29
22-06-2024,18.36,25.12,1.18,2.45,22.62,0.36,6.92,32
23-06-2024,16.82,23.02,1.22,2.22,23.1,0.34,8.25,34
24-06-2024,19.32,26.43,1.2,2.54,22.86,0.44,7.4,37
25-06-2024,19.26,26.35,1.23,2.35,22.6,0.4,7.68,38
26-06-2024,16.22,22.17,2.81,2.18,24.1,0.38,4.54,31
27-06-2024,14.24,19.49,2.77,2.24,23.54,0.42,2.64,32
28-06-2024,15.62,21.37,1.27,2.3,22.93,0.42,4.81,33
29-06-2024,12.61,17.26,1.25,2.27,23.59,0.34,4.59,35
30-06-2024,9,12.32,1.19,2.05,23.29,0.27,2.55,30
01-07-2024,7.29,9.97,1.2,2.01,23.74,0.23,2.08,30
02-07-2024,9.15,12.53,1.3,2.02,22.95,0.25,1.79,31
03-07-2024,8.73,11.95,1.22,2.06,22.96,0.38,1.82,31
04-07-2024,11.08,15.17,1.26,2.04,23.2,0.44,2.5,31
05-07-2024,6.9,9.44,1.22,1.92,23.32,0.3,2.13,34
06-07-2024,8.58,11.74,1.21,2.07,23.66,0.44,2.51,34
07-07-2024,8.07,11.05,1.52,2.08,23.33,0.39,1.55,33
08-07-2024,16.16,22.12,1.21,2.21,23.23,0.59,4.03,32
09-07-2024,17.79,24.35,1.21,2.18,22.92,0.48,3.17,45
10-07-2024,12.34,16.88,1.2,1.87,25.1,0.33,15.29,37
11-07-2024,14.06,18.47,1.96,1.86,24.07,0.31,4.3,42
12-07-2024,32.58,60.34,1.27,2.22,20.83,0.31,1.97,55
13-07-2024,37.13,68.76,1.28,2.26,20.56,0.37,3.54,54
14-07-2024,25.9,47.96,1.26,2.06,21.33,0.25,4.42,50
15-07-2024,33.72,62.44,1.3,2.19,20.72,0.32,4.38,60
16-07-2024,24.06,44.55,1.3,2.09,20.93,0.24,3.12,43
17-07-2024,25.32,46.88,1.27,1.92,20.77,0.16,5.16,45
18-07-2024,33.86,62.7,1.12,2.15,21.57,0.33,4.19,57
19-07-2024,33.34,61.73,1.22,1.95,22.88,0.31,3.8,64
20-07-2024,28.37,52.54,1.22,2.07,22.9,0.32,3.23,55
21-07-2024,24.67,45.69,1.13,1.83,22.92,0.19,3.54,44
22-07-2024,26.7,49.45,1.21,1.85,22.17,0.2,4.31,48
23-07-2024,20.27,37.53,1.22,1.9,20.91,0.25,4.05,47
24-07-2024,28.69,53.14,1.3,1.9,21.3,0.26,4,43
25-07-2024,30.38,56.26,1.23,1.83,20.81,0.26,4.46,57
26-07-2024,33,61.11,1.24,1.88,20.85,0.33,4.06,67
27-07-2024,28.13,52.08,1.5,1.84,21.06,0.26,3.8,76
28-07-2024,26.75,49.53,1.32,1.77,20.99,0.17,4.74,48
29-07-2024,27.23,50.42,1.26,1.78,21.09,0.23,4.23,59
30-07-2024,28.27,52.35,1.24,1.79,20.96,0.16,5.17,58
31-07-2024,18.51,34.29,2.23,1.82,21.23,0.21,4.39,45
01-08-2024,28.02,51.88,1.9,1.83,21.19,0.26,4.5,44
02-08-2024,18.9,34.99,1.23,1.71,22.58,0.2,3.11,34
03-08-2024,10.46,19.36,1.8,1.61,23.79,0.1,1.9,35
04-08-2024,18.08,33.48,1.27,1.69,23.36,0.27,1.51,32
05-08-2024,24.3,45,1.2,1.61,23.08,0.17,1.99,42
06-08-2024,23.14,42.85,1.22,1.67,22.22,0.31,1.63,54
07-08-2024,21.37,39.58,1.31,1.73,20.81,0.38,1.8,37
08-08-2024,28.21,52.24,1.28,1.66,21.85,0.26,1.96,53
09-08-2024,16.96,31.41,1.23,1.62,23.23,0.22,1.62,54
10-08-2024,23.39,43.31,1.28,1.59,23.19,0.16,1.47,48
11-08-2024,18.2,33.71,1.18,1.64,23.72,0.15,1.51,48
12-08-2024,27.52,50.97,1.23,1.79,23.11,0.37,1.04,41
13-08-2024,25.83,47.83,1.22,1.77,22.94,0.32,1.22,66
14-08-2024,32.71,60.59,1.23,1.74,23.14,0.39,0.81,93
15-08-2024,29.45,54.54,1.23,1.75,23.25,0.27,1.9,51
16-08-2024,30.93,57.28,1.24,1.8,23.11,0.3,2.34,80
17-08-2024,30.98,57.32,2.66,2.04,24.14,0.32,2.13,58
18-08-2024,18.55,34.35,1.23,1.89,23.44,0.12,3.24,45
19-08-2024,21.48,39.77,1.2,1.85,23.18,0.15,2.79,35
20-08-2024,22.87,42.35,1.23,1.99,23.55,0.31,1.91,45
21-08-2024,39.98,74.03,1.23,2.06,23.57,0.53,1.66,60
22-08-2024,24.63,45.61,1.26,2.02,21.13,0.31,2.39,68
23-08-2024,20.83,38.57,1.33,2.03,21.24,0.39,1.78,37
24-08-2024,20.72,38.37,1.26,1.99,21.35,0.33,2.63,35
25-08-2024,,,1.28,2.19,21.33,0.28,2.36,50
26-08-2024,29.42,54.49,1.3,2.01,21.36,0.22,3.24,49
27-08-2024,17.93,33.21,1.28,1.9,21.33,0.3,1.7,41
28-08-2024,21.01,38.9,3.01,1.91,21.28,0.28,1.52,45
29-08-2024,35.74,66.18,1.27,1.89,22.56,0.42,2.09,62
30-08-2024,38.56,71.41,1.22,2.14,22.39,0.45,4.26,59
31-08-2024,45.52,84.3,1.29,2.15,21.34,0.4,3.71,100
01-09-2024,34.4,63.7,3.15,1.85,21.45,0.18,3.61,67
02-09-2024,30.36,56.23,9.98,1.93,21.34,0.25,2.94,52
03-09-2024,33.08,61.26,1.26,2.18,21.27,0.33,2.56,57
04-09-2024,35.79,66.27,1.21,2.06,21.3,0.28,3.17,67
05-09-2024,39.44,73.04,1.28,2.2,21.27,0.37,2.52,75
06-09-2024,27.47,50.87,1.25,2.05,21.3,0.28,3.33,43
07-09-2024,44.81,82.98,1.29,2.13,21.36,0.48,3.81,81
08-09-2024,46.51,86.12,1.26,2.08,21.37,0.55,3.1,88
09-09-2024,34.01,62.98,1.22,2.08,21.4,0.35,3.28,63
10-09-2024,22.81,42.24,1.21,1.89,22.64,0.18,2.51,47
11-09-2024,24.24,44.89,6.46,1.99,23.84,0.21,1.89,45
12-09-2024,31.86,59,18.21,2.16,23.49,0.39,1.36,57
13-09-2024,35.23,65.25,1.23,1.88,23.29,0.1,2.35,58
14-09-2024,34.24,63.4,1.19,1.8,23.29,0.05,3.12,78
15-09-2024,32.13,59.51,1.21,1.89,23.1,0.19,2.54,74
16-09-2024,35.51,65.76,1.21,1.97,23.32,0.28,2.2,68
17-09-2024,22.21,41.13,1.18,1.64,24.93,0.11,2.43,51
18-09-2024,37.94,70.26,1.22,2.03,23.79,0.36,1.91,63
19-09-2024,39.02,72.27,1.19,1.99,23.26,0.17,2.59,73
20-09-2024,,,1.28,2.08,22.28,0.24,2.99,69
21-09-2024,40.59,75.16,1.2,2.12,23.37,0.25,2.91,86
22-09-2024,33.41,61.87,1.2,1.94,23.43,0.15,3.53,83
23-09-2024,35.63,65.97,1.23,2.14,23.61,0.32,3.52,86
24-09-2024,39.47,73.09,1.18,2.15,23.78,0.36,3.02,90
25-09-2024,25.29,46.83,1.24,2.03,23.65,0.23,2.49,130
26-09-2024,14.16,26.22,1.21,1.89,23.51,0.24,1.56,34
27-09-2024,24.49,45.34,12.3,1.79,24.99,0.46,1.44,33
28-09-2024,22.63,41.91,1.22,1.92,23.68,0.32,1.24,48
29-09-2024,20.22,37.46,6.08,1.82,23.66,0.23,1.7,36
30-09-2024,24.27,44.95,1.26,1.81,23.59,0.25,1.91,48
01-10-2024,32.23,59.69,1.29,1.85,23.68,0.17,3.08,52
02-10-2024,49.59,91.83,1.24,1.94,23.46,0.17,4.16,94
03-10-2024,59.14,109.5,16.51,2.1,23.84,0.35,4.41,111
04-10-2024,55.33,102.46,1.37,2.26,23.61,0.42,3.26,119
05-10-2024,62.08,114.97,1.22,2.57,23.42,0.63,2.67,94
06-10-2024,44.99,83.31,1.24,2.1,23.41,0.53,2.25,106
07-10-2024,40.49,74.99,1.2,2.32,23.36,0.44,2.58,68
08-10-2024,51.96,96.22,1.23,2.44,23.53,0.56,2.31,102
09-10-2024,47.09,87.21,1.2,2.04,23.72,0.27,3.55,101
10-10-2024,42.8,79.25,1.19,2,23.45,0.21,4.11,89
11-10-2024,63.71,117.98,1.23,2.03,23.37,0.37,4.95,98
12-10-2024,33.01,53.75,1.16,2.18,23.42,0.43,3.78,86
13-10-2024,16.64,22.19,1.19,2.16,23.3,0.41,4.56,58
14-10-2024,22.03,29.37,1.22,2.53,23.47,0.6,3.9,74
15-10-2024,24.93,32.03,1.19,2.54,23.32,0.4,3.89,54
16-10-2024,58.54,73.17,1.24,2.93,23.51,0.65,4.31,92
17-10-2024,46.72,58.4,1.2,2.98,23.45,0.62,3.43,78
18-10-2024,51.51,64.38,19.61,3.2,22.91,0.67,3.43,71
19-10-2024,52.69,65.87,1.33,2.88,22.45,0.57,5.15,73
20-10-2024,58.85,73.56,1.25,2.72,23.18,0.57,5.94,85
21-10-2024,45.68,57.09,1.24,2.56,23.98,0.52,4.09,74
22-10-2024,49.12,61.4,1.2,2.62,24.88,0.58,3.14,81
23-10-2024,49.8,62.25,1.12,2.84,30.77,0.67,0.98,86
24-10-2024,37.14,46.42,1.29,2.52,22.91,0.55,1.58,77
25-10-2024,18.13,22.67,1.22,1.97,24.62,0.22,1.38,34
26-10-2024,24.72,30.91,1.04,1.91,37.49,0.3,0.68,39
27-10-2024,22.25,27.81,72.13,1.85,40.43,0.33,0.7,35
28-10-2024,40.22,50.27,286.67,2.07,42.13,0.84,0.9,49
29-10-2024,56.86,71.07,,2.71,45.2,1.82,1.12,86
30-10-2024,46.58,58.23,4,2.6,35.37,0.91,2.46,67
31-10-2024,71.21,89.02,1.37,2.51,21.89,0.62,2.62,80
01-11-2024,70.31,87.89,1.26,2.24,21.95,0.33,4.07,124
02-11-2024,76.22,95.28,1.27,2.74,21.87,0.98,4.32,108
03-11-2024,75.74,94.68,1.28,2.9,21.81,1.14,3.67,133
04-11-2024,66.07,81.58,1.27,2.78,23.06,0.89,1.88,117
05-11-2024,51.47,61.75,1.31,2.88,23.08,0.48,1.85,79
06-11-2024,49.52,59.42,1.17,2.54,27.01,0.48,2.93,76
07-11-2024,44.21,53.03,1.17,2.82,30.02,0.48,1.99,70
08-11-2024,36.05,43.25,1.24,2.57,25.34,0.53,2.03,60
09-11-2024,40.19,48.23,1.15,2.86,36.12,0.54,1.25,54
10-11-2024,46.86,56.23,1.2,3.37,37.84,0.76,1.55,64
11-11-2024,54.36,65.23,1.22,3.05,28.9,1.15,2.68,86
12-11-2024,57.17,68.61,1.33,3.13,21.4,1.17,2.75,89
13-11-2024,55.9,67.08,1.2,2.48,25.73,1.37,2.93,78
14-11-2024,49.68,59.62,1.13,3.53,30.92,0.73,2.17,85
15-11-2024,59.92,71.9,1.32,2.89,21.4,0.63,2.82,106
16-11-2024,43.84,52.62,1.26,2.74,21.43,0.43,3.6,80
17-11-2024,50.02,60.02,1.31,2.59,21.37,0.44,3.79,82
18-11-2024,66.56,79.88,1.29,3.03,21.36,1.01,2.61,108
19-11-2024,68.4,82.08,1.28,2.92,21.33,1.41,2.37,114
20-11-2024,76.11,91.33,1.3,2.81,21.43,0.89,3.61,124
21-11-2024,66.52,79.82,1.23,3.15,24.41,0.86,3.56,118
22-11-2024,74.87,89.84,1.13,4.31,30.17,0.99,2.43,114
23-11-2024,95.27,114.33,1.23,4.07,25.42,1.73,2.27,135
24-11-2024,79.14,94.96,1.31,3.05,21.24,1.56,2.9,132
25-11-2024,37.99,50.03,1.32,3.05,21.35,0.79,3.91,82
26-11-2024,33.46,44.62,1.34,2.81,21.32,0.64,3.79,66
27-11-2024,42.61,56.82,1.28,2.64,21.36,0.98,2.92,84
28-11-2024,42.08,56.11,1.27,2.99,21.47,1.49,2.39,67
29-11-2024,50.97,67.96,1.26,2.55,21.31,2.04,2.55,80
30-11-2024,46.03,61.38,1.29,3,21.27,1.68,2.58,78
01-12-2024,59.48,79.31,1.33,2.95,21.36,1.53,2.72,77
02-12-2024,52.06,80.97,1.23,3.11,21.97,2.12,3.77,76
03-12-2024,53.11,82.06,1.28,2.97,21.43,2.22,3.08,95
04-12-2024,29.41,51.66,1.29,2.65,21.42,0.03,4.35,64
05-12-2024,22.92,41.58,1.32,2.62,21.36,0,3.42,42
06-12-2024,25.45,47.04,1.28,2.77,21.85,0.14,5.34,46
07-12-2024,28.02,56,1.35,2.57,21.32,1.56,2.95,44
08-12-2024,42.63,73.21,1.31,2.79,21.31,1.82,2.02,69
09-12-2024,39.02,64.47,1.33,3.24,21.4,0.77,3.25,46
10-12-2024,36.88,58.23,1.32,2.72,21.23,0.45,3.52,56
11-12-2024,28.42,46.84,1.26,2.76,20.61,0.25,3.28,45
12-12-2024,32.31,54.78,1.28,3.2,21.2,0.4,3.58,46
13-12-2024,38.5,63.83,1.27,3.12,21.32,0.4,4.47,57
14-12-2024,28.21,,1.33,3.14,21.28,0.27,3.54,47
15-12-2024,36.91,,1.35,3.42,21.28,0.56,3.27,56
16-12-2024,54.6,96.87,1.44,3.58,21.74,1.53,3.61,71
17-12-2024,63.57,106.2,1.37,3.27,21.47,2.33,2.73,91
18-12-2024,76.49,124.04,1.36,2.53,21.56,2.72,2.25,113
19-12-2024,70.36,111.85,1.33,2.47,21.6,2.76,1.48,143
20-12-2024,37.82,56.74,1.26,2.91,21.65,1.67,1.98,72
21-12-2024,34.19,51.29,1.31,2.77,21.62,1.29,1.92,70
22-12-2024,30.94,46.41,1.32,2.88,21.63,0.86,2.38,59
23-12-2024,28.18,42.27,1.29,2.96,21.61,0.74,1.67,56
24-12-2024,26.6,41.55,1.31,3.05,22.04,0.48,2.61,53
25-12-2024,32.17,53.62,1.34,2.64,21.57,0.69,1.48,46
26-12-2024,42.64,71.08,1.31,2.18,21.89,2.04,1.48,58
27-12-2024,40.03,66.71,1.31,1.96,21.68,1.83,1.43,77
28-12-2024,29,48.33,1.29,2.51,21.64,0.01,1.12,46
29-12-2024,23.57,39.28,1.29,1.9,21.67,0,1.38,50
30-12-2024,14.25,23.74,1.22,1.96,21.64,0,1.6,30
31-12-2024,13.07,21.78,1.27,2.02,21.73,0,1.52,30
