Timestamp,PM2.5 (µg/m³),PM10 (µg/m³),NO (µg/m³),NO2 (µg/m³),NOx (ppb),NH3 (µg/m³),SO2 (µg/m³),CO (mg/m³),Ozone (µg/m³),Benzene (µg/m³),Toluene (µg/m³),Xylene (µg/m³),O Xylene (µg/m³),Eth-Benzene (µg/m³),MP-Xylene (µg/m³),AT (°C),RH (%),WS (m/s),WD (deg),RF (mm),TOT-RF (mm),SR (W/mt2),BP (mmHg),VWS (m/s)
2024-01-01,37.25,83.81,4.75,19.0,24.98,3.28,47.59,1.06,4.34,0.21,,,,0.11,0.63,13.16,88.22,0.36,172.44,0.0,0.0,117.81,999.5,
2024-01-02,58.41,131.43,25.83,22.74,59.23,3.12,49.28,2.59,4.81,0.52,,,,0.27,1.55,15.94,82.34,0.23,127.16,0.0,0.0,206.17,998.43,
2024-01-03,47.94,108.62,12.6,20.78,38.11,3.29,50.21,1.92,4.5,0.38,,,,0.2,1.15,16.33,88.65,0.32,148.92,0.0,0.0,144.76,997.98,
2024-01-04,31.19,77.97,14.53,16.86,37.19,2.83,51.35,1.66,4.61,0.33,,,,0.17,1.0,16.83,90.92,0.23,122.88,0.0,0.0,154.06,998.07,
2024-01-05,26.32,65.81,7.96,13.52,24.44,2.79,38.33,1.37,4.26,0.27,,,,0.14,0.82,16.62,91.86,0.34,156.57,0.0,0.0,77.2,998.72,
2024-01-06,21.83,54.57,4.37,10.77,16.6,2.6,25.49,1.09,4.14,0.22,,,,0.11,0.66,18.26,89.85,0.31,149.96,0.0,0.0,156.97,999.48,
2024-01-07,21.57,53.92,2.95,10.75,14.51,2.51,25.96,0.89,4.54,0.18,,,,0.09,0.53,18.59,85.59,0.28,122.59,0.0,0.0,178.95,1000.46,
2024-01-08,22.72,56.8,7.23,14.52,24.33,2.72,26.51,1.03,5.48,0.2,,,,0.11,0.62,18.4,84.04,0.21,120.42,0.0,0.0,263.0,1000.44,
2024-01-09,24.37,60.93,4.67,18.8,24.67,3.16,27.16,1.13,6.12,0.23,,,,0.12,0.68,18.73,82.09,0.26,134.73,0.0,0.0,266.2,999.27,
2024-01-10,16.88,42.21,1.79,9.26,11.41,2.39,27.51,0.62,5.36,0.12,,,,0.06,0.37,17.76,78.44,0.4,133.35,0.0,0.0,259.84,998.17,
2024-01-11,17.77,44.44,2.38,12.19,15.05,2.66,27.53,0.68,5.01,0.14,,,,0.07,0.41,14.34,84.23,0.28,135.76,0.0,0.0,185.17,1000.24,
2024-01-12,28.94,72.35,1.97,14.81,16.95,2.92,27.46,1.03,4.7,0.21,,,,0.11,0.62,12.75,88.72,0.28,135.39,0.0,0.0,163.98,999.56,
2024-01-13,24.98,62.44,2.22,13.81,16.35,2.87,27.63,1.0,6.0,0.2,,,,0.1,0.6,13.47,83.11,0.4,147.06,0.0,0.0,254.31,998.81,
2024-01-14,26.19,65.48,1.94,14.33,16.44,3.03,28.06,1.13,4.79,0.22,,,,0.12,0.67,12.01,89.71,0.39,167.16,0.0,0.0,147.48,998.51,
2024-01-15,29.02,72.56,2.13,11.5,14.03,2.78,28.07,1.0,6.63,0.2,,,,0.1,0.6,12.71,80.71,0.3,124.49,0.0,0.0,206.17,998.06,
2024-01-16,33.25,83.13,2.12,14.22,16.61,3.18,27.93,1.09,4.38,0.22,,,,0.11,0.65,11.34,87.54,0.4,162.39,0.0,0.0,187.38,997.26,
2024-01-17,25.71,64.28,2.6,9.9,13.18,2.97,27.15,0.2,4.51,0.04,,,,0.03,0.17,11.38,86.16,0.5,207.57,0.0,0.0,108.46,997.02,
2024-01-18,24.72,61.8,2.02,8.69,11.19,2.9,27.05,0.1,4.72,0.02,,,,0.03,0.13,11.58,84.54,0.34,150.47,0.0,0.0,81.03,998.48,
2024-01-19,26.98,67.46,1.79,9.28,11.06,2.89,27.01,1.11,5.76,0.22,,,,0.21,1.23,11.46,79.92,0.29,130.91,0.0,0.0,134.03,1000.41,
2024-01-20,29.28,73.21,2.18,10.53,12.91,3.1,27.29,1.81,4.93,0.36,,,,0.19,1.08,11.64,83.91,0.29,123.38,0.0,0.0,257.8,1000.02,
2024-01-21,25.69,64.22,3.67,7.43,12.4,2.78,27.48,0.36,5.33,0.07,,,,0.08,0.34,12.39,83.38,0.31,118.47,0.0,0.0,177.26,999.55,
2024-01-22,43.12,107.8,13.89,11.92,31.56,3.04,27.39,1.25,4.65,0.25,,,,0.13,0.75,11.07,89.89,0.31,141.36,0.0,0.0,135.77,1001.34,
2024-01-23,30.63,76.58,3.2,11.25,15.36,3.21,27.69,0.87,4.49,0.17,,,,0.09,0.52,11.65,88.41,0.32,146.62,0.0,0.0,195.13,999.66,
2024-01-24,31.5,78.76,3.05,9.62,13.58,3.1,27.76,0.98,4.11,0.2,,,,0.1,0.59,10.66,91.79,0.32,136.79,0.0,0.0,137.56,999.98,
2024-01-25,30.8,77.0,6.81,10.89,20.06,3.09,27.78,1.05,4.68,0.21,,,,0.11,0.63,12.38,84.18,0.33,149.98,0.0,0.0,180.49,1001.97,
2024-01-26,37.05,92.62,4.43,10.7,16.62,3.26,27.99,1.05,4.32,0.21,,,,0.11,0.63,13.76,84.31,0.28,130.92,0.0,0.0,200.75,1002.51,
2024-01-27,32.39,80.99,30.21,12.68,56.05,2.83,27.59,1.88,7.3,0.44,,,,0.24,1.34,16.27,72.96,0.28,120.13,0.0,0.0,258.56,1001.17,
2024-01-28,24.37,60.91,9.42,13.55,26.6,3.32,27.2,2.48,4.81,0.35,,,,0.18,1.04,16.04,77.09,0.38,170.39,0.0,0.0,249.36,1000.49,
2024-01-29,22.38,55.94,3.27,12.25,16.18,3.5,28.04,0.44,5.45,0.16,,,,0.08,0.48,16.67,80.06,0.44,193.22,0.0,0.0,246.46,998.87,
2024-01-30,26.77,66.93,6.98,21.62,30.71,4.25,28.59,0.88,6.72,0.18,,,,0.1,0.53,17.43,79.38,0.28,142.4,0.0,0.0,253.11,998.0,
2024-01-31,32.5,81.26,31.67,39.3,83.48,5.28,28.1,1.97,10.97,0.39,,,,0.26,1.45,18.05,76.33,0.25,150.61,0.0,0.0,196.93,997.49,
2024-02-01,16.94,45.85,1.59,13.45,14.53,3.53,27.78,0.41,32.07,0.08,,,,0.09,0.53,19.48,71.78,0.43,181.05,0.0,0.0,222.22,997.33,
2024-02-02,13.24,41.48,2.34,3.68,6.12,2.85,28.25,0.69,61.22,0.14,,,,0.07,0.42,20.41,70.82,0.34,125.82,0.0,0.0,207.81,997.47,
2024-02-03,15.62,32.37,2.22,1.24,2.6,2.41,28.72,0.26,50.08,0.05,,,,0.03,0.16,19.81,59.76,0.44,137.44,0.0,0.0,203.49,997.88,
2024-02-04,31.91,44.67,1.9,3.3,3.69,2.69,29.13,0.3,44.07,0.06,,,,0.03,0.18,20.36,57.27,0.42,151.5,0.0,0.0,198.55,998.89,
2024-02-05,29.6,41.43,2.05,2.68,4.19,3.32,29.53,0.52,91.47,0.1,,,,0.06,0.32,19.14,89.63,0.41,161.29,0.0,0.0,185.65,998.94,
2024-02-06,24.36,34.09,2.24,1.83,0.54,2.6,28.2,0.21,110.96,0.04,,,,0.02,0.13,18.77,82.89,0.35,133.46,0.0,0.0,135.1,999.41,
2024-02-07,33.26,46.57,2.11,2.74,0.44,2.61,25.76,0.23,126.02,0.04,,,,0.02,0.13,18.11,68.84,0.4,133.68,0.0,0.0,238.93,999.72,
2024-02-08,35.14,49.2,1.9,0.06,0.07,2.35,25.43,0.13,,0.03,,,,0.02,0.08,16.86,61.59,0.44,134.91,0.0,0.0,235.84,998.97,
2024-02-09,47.74,66.84,1.54,21.77,0.94,3.58,25.47,0.6,,0.12,,,,0.06,0.36,17.82,57.83,0.3,124.64,0.0,0.0,239.66,1000.94,
2024-02-10,76.67,107.34,1.46,11.5,3.34,4.73,25.65,1.17,,0.23,,,,0.12,0.7,18.18,62.49,0.27,117.5,0.0,0.0,238.8,1001.64,
2024-02-11,71.21,101.37,1.82,10.75,2.24,5.17,26.3,1.54,,0.31,,,,0.16,0.93,18.8,64.66,0.27,127.29,0.0,0.0,241.68,1001.26,
2024-02-12,42.89,63.63,2.17,,0.24,3.22,28.01,1.7,6.82,0.34,,,,0.18,1.02,20.24,65.67,0.34,151.38,0.0,0.0,213.99,1000.41,
2024-02-13,18.36,36.72,1.94,,0.0,3.17,30.08,0.81,,0.16,,,,0.08,0.49,18.42,86.32,0.45,191.21,0.0,0.0,94.43,999.19,
2024-02-14,14.76,29.53,2.29,0.92,0.27,2.56,30.63,0.69,9.31,0.14,,,,0.07,0.42,19.54,92.17,0.4,193.81,0.0,0.0,80.39,998.29,
2024-02-15,26.01,52.03,1.92,4.47,0.01,3.52,37.38,0.98,16.84,0.2,,,,0.11,0.61,,,,,0.0,0.0,0.0,,
2024-02-16,19.47,38.93,2.09,4.89,0.6,2.84,45.66,0.79,23.13,0.16,,,,0.08,0.48,,,,,0.0,0.0,0.0,,
2024-02-17,18.16,36.31,1.74,,0.0,3.12,55.3,0.45,1.06,0.09,,,,0.05,0.27,,,,,0.0,0.0,0.0,,
2024-02-18,20.66,41.33,1.77,,0.0,3.51,57.98,0.56,0.65,0.11,,,,0.06,0.33,,,,,0.0,0.0,0.0,,
2024-02-19,16.89,33.78,1.86,,0.0,3.92,41.09,0.49,7.29,0.1,,,,0.05,0.3,,,,,0.0,0.0,0.0,,
2024-02-20,17.41,34.81,2.43,32.45,0.99,4.33,30.67,0.48,10.44,0.1,,,,0.05,0.29,,,,,0.0,0.0,0.0,,
2024-02-21,11.02,22.04,1.96,1.09,1.93,3.9,24.54,0.52,3.29,0.11,,,,0.06,0.36,,,,,0.0,0.0,0.0,,
2024-02-22,10.67,21.35,1.94,1.23,3.98,3.42,18.33,0.35,3.56,0.07,,,,0.04,0.21,24.22,60.97,0.37,136.89,0.0,0.0,92.64,993.09,
2024-02-23,15.3,30.58,2.03,1.43,4.12,2.91,18.3,0.45,4.62,0.09,,,,0.05,0.28,20.67,63.47,0.26,125.4,0.0,0.0,142.79,995.93,
2024-02-24,17.83,35.67,2.32,1.55,4.45,3.47,18.03,0.72,4.13,0.14,,,,0.08,0.44,20.57,53.41,0.46,179.05,0.0,0.0,214.74,997.36,
2024-02-25,20.93,41.86,2.54,1.71,4.81,3.18,17.36,0.87,4.45,0.17,,,,0.09,0.53,21.0,56.39,0.29,150.95,0.0,0.0,191.02,997.99,
2024-02-26,26.16,52.32,1.94,1.27,4.03,3.26,17.4,1.42,4.25,0.28,,,,0.15,0.85,21.78,56.38,0.24,116.52,0.0,0.0,181.9,998.69,
2024-02-27,21.63,43.25,1.95,1.24,4.02,3.19,17.75,0.89,2.14,0.18,,,,0.09,0.53,19.58,71.2,0.32,143.05,0.0,0.0,127.33,997.66,
2024-02-28,9.97,19.94,1.97,1.23,4.01,2.49,17.69,0.16,6.32,0.03,,,,0.02,0.09,21.15,65.85,0.37,135.01,0.0,0.0,253.81,995.54,
2024-02-29,11.7,23.4,1.84,1.13,3.74,2.55,30.46,0.17,8.46,0.03,,,,0.03,0.1,22.75,59.78,0.34,128.41,0.0,0.0,253.09,995.81,
2024-03-01,15.48,30.82,4.94,1.36,7.51,3.28,35.29,0.43,9.97,0.09,,,,0.05,0.26,23.96,62.23,0.36,165.82,0.0,0.0,260.36,996.07,
2024-03-02,18.4,36.8,1.79,1.13,3.65,3.46,38.87,0.63,2.47,0.13,,,,0.07,0.38,23.5,70.78,0.51,162.52,0.0,0.0,164.06,995.68,
2024-03-03,7.61,15.22,1.78,1.11,3.63,2.84,36.72,0.12,1.12,0.02,,,,0.01,0.08,21.24,83.92,0.72,206.39,0.0,0.0,174.46,994.57,
2024-03-04,10.02,20.04,1.83,1.06,3.66,2.54,36.45,0.08,3.23,0.02,,,,0.01,0.06,22.19,82.54,0.48,159.86,0.0,0.0,264.86,995.0,
2024-03-05,8.75,17.51,1.81,1.13,3.69,2.45,35.2,0.03,6.39,0.01,,,,0.01,0.04,21.49,60.82,0.43,144.57,0.0,0.0,258.7,996.55,
2024-03-06,12.16,24.33,1.77,1.11,3.61,2.77,38.32,0.1,6.19,0.02,,,,0.02,0.07,21.35,52.9,0.37,132.98,0.0,0.0,261.06,995.68,
2024-03-07,11.98,23.97,3.68,1.55,6.42,2.99,28.64,0.19,9.94,0.04,,,,0.02,0.12,22.24,53.75,0.36,132.26,0.0,0.0,245.21,994.89,
2024-03-08,10.99,21.98,1.95,1.29,4.07,2.77,17.11,0.19,7.98,0.04,,,,0.02,0.11,23.32,51.69,0.37,134.33,0.0,0.0,262.53,995.57,
2024-03-09,11.87,23.74,1.93,1.27,4.02,2.64,17.7,0.19,9.72,0.04,,,,0.02,0.11,23.77,50.02,0.38,130.9,0.0,0.0,266.43,995.93,
2024-03-10,14.86,29.71,3.96,1.49,6.96,3.2,17.46,0.48,8.94,0.1,,,,0.05,0.29,23.89,51.56,0.35,131.27,0.0,0.0,244.66,996.75,
2024-03-11,16.76,33.53,2.75,1.64,5.21,3.85,17.44,0.74,10.27,0.15,,,,0.08,0.45,25.78,52.33,0.39,170.33,0.0,0.0,274.78,996.43,
2024-03-12,16.45,32.9,5.0,2.66,8.58,2.74,22.88,0.4,6.99,0.08,,,,0.04,0.25,27.25,51.52,0.33,128.48,0.0,0.0,256.4,993.92,
2024-03-13,16.27,32.52,1.73,1.07,3.52,3.1,41.1,0.47,3.3,0.09,,,,0.05,0.28,28.45,47.38,0.31,131.79,0.0,0.0,265.55,992.74,
2024-03-14,18.75,37.48,1.71,1.07,3.48,3.49,46.1,0.69,2.85,0.14,,,,0.07,0.41,28.59,49.03,0.39,150.71,0.0,0.0,263.17,993.32,
2024-03-15,18.96,37.98,1.86,1.22,3.86,3.72,30.9,0.69,3.57,0.14,,,,0.07,0.42,27.8,49.98,0.38,146.31,0.0,0.0,262.74,993.97,
2024-03-16,15.79,31.57,1.95,1.24,4.0,3.45,21.0,0.4,2.82,0.08,,,,0.04,0.24,27.57,43.82,0.39,144.85,0.0,0.0,286.16,995.54,
2024-03-17,18.65,37.29,1.8,1.05,3.6,3.07,39.76,0.39,4.01,0.08,,,,0.04,0.23,27.13,44.47,0.31,129.56,0.0,0.0,287.54,995.31,
2024-03-18,23.98,47.97,1.9,1.25,3.9,4.29,25.96,1.02,5.52,0.21,,,,0.11,0.62,27.34,47.87,0.35,151.59,0.0,0.0,287.74,993.76,
2024-03-19,18.73,37.45,2.09,1.49,4.27,3.58,16.07,0.6,6.67,0.12,,,,0.06,0.36,27.35,50.54,0.54,175.02,0.0,0.0,296.28,993.5,
2024-03-20,9.85,19.7,2.28,1.63,4.52,3.09,15.85,0.28,3.04,0.06,,,,0.04,0.21,21.16,74.4,0.72,190.73,0.0,0.0,94.25,995.05,
2024-03-21,6.94,13.88,2.02,1.29,4.16,3.27,16.15,0.55,2.88,0.11,,,,0.06,0.33,21.22,77.86,0.44,169.66,0.0,0.0,199.65,995.23,
2024-03-22,13.89,27.73,1.96,1.21,4.01,3.4,18.22,0.64,3.43,0.13,,,,0.07,0.38,24.51,67.74,0.45,173.15,0.0,0.0,298.0,991.57,
2024-03-23,18.07,36.11,2.28,1.54,4.17,3.31,20.15,0.62,4.45,0.12,,,,0.06,0.38,28.1,53.51,0.39,147.25,0.0,0.0,266.86,988.85,
2024-03-24,19.4,38.8,1.94,1.22,3.97,3.47,19.94,1.07,5.0,0.21,,,,0.11,0.64,29.29,47.05,0.31,128.74,0.0,0.0,322.01,991.18,
2024-03-25,19.48,38.95,2.38,1.4,4.53,2.72,20.23,0.8,5.49,0.16,,,,0.08,0.48,29.25,58.08,0.47,164.92,0.0,0.0,292.85,991.74,
2024-03-26,13.98,27.94,1.92,1.22,3.95,2.83,20.25,0.6,6.36,0.12,,,,0.07,0.38,29.9,47.3,0.32,128.91,0.0,0.0,313.16,992.62,
2024-03-27,17.15,34.31,1.95,1.23,3.99,3.72,20.37,1.19,4.56,0.24,,,,0.12,0.71,30.48,43.47,0.31,136.52,0.0,0.0,291.46,993.74,
2024-03-28,19.52,39.05,1.94,1.22,3.97,3.28,20.71,0.73,6.14,0.15,,,,0.08,0.44,31.69,48.64,0.44,160.7,0.0,0.0,327.77,991.22,
2024-03-29,16.82,33.62,1.95,1.19,3.94,3.26,21.1,0.71,4.49,0.14,,,,0.07,0.43,30.72,60.13,0.5,183.23,0.0,0.0,294.42,990.43,
2024-03-30,20.95,41.92,1.93,1.19,3.93,3.68,21.25,0.78,4.86,0.16,,,,0.08,0.47,33.24,51.14,0.39,166.8,0.0,0.0,302.6,990.86,
2024-03-31,12.73,25.47,1.93,1.2,3.94,2.41,20.96,0.16,6.26,0.03,,,,0.02,0.1,32.49,44.63,0.43,140.17,0.0,0.0,289.37,990.41,
2024-04-01,15.69,31.36,1.95,1.23,4.0,2.35,19.31,0.11,11.33,0.02,,,,0.02,0.08,31.45,34.36,0.45,136.41,0.0,0.0,294.72,987.93,
2024-04-02,17.67,35.36,2.26,1.63,4.53,2.5,18.42,0.21,10.03,0.04,,,,0.03,0.13,30.61,33.17,0.39,135.34,0.0,0.0,304.98,988.03,
2024-04-03,16.79,33.56,1.95,1.21,3.97,3.69,20.47,0.66,7.35,0.13,,,,0.07,0.4,32.2,31.18,0.32,121.39,0.0,0.0,295.78,989.11,
2024-04-04,20.25,40.5,1.93,1.21,3.95,3.79,20.75,0.87,6.52,0.17,,,,0.09,0.52,33.58,32.48,0.24,116.59,0.0,0.0,302.53,987.97,
2024-04-05,18.73,37.28,2.43,1.81,4.7,3.04,20.93,0.47,6.68,0.09,,,,0.05,0.29,33.66,32.15,0.35,127.4,0.0,0.0,295.06,987.72,
2024-04-06,17.8,35.6,1.9,1.28,3.97,2.98,20.67,0.4,7.37,0.08,,,,0.04,0.24,33.99,29.44,0.36,132.23,0.0,0.0,309.62,987.77,
2024-04-07,16.07,32.14,1.95,1.23,3.99,2.98,20.55,0.36,6.87,0.07,,,,0.04,0.22,33.44,29.86,0.43,132.45,0.0,0.0,308.55,988.23,
2024-04-08,13.27,26.55,1.91,1.24,3.94,3.21,20.46,0.48,6.04,0.1,,,,0.05,0.29,32.77,32.56,0.41,138.56,0.0,0.0,296.95,990.26,
2024-04-09,13.93,27.85,1.96,1.24,4.02,2.94,20.23,0.36,6.88,0.07,,,,0.04,0.22,33.12,32.35,0.44,138.79,0.0,0.0,316.96,991.1,
2024-04-10,17.57,35.13,1.93,1.22,3.96,4.15,20.18,1.15,8.41,0.23,,,,0.13,0.69,33.87,30.34,0.44,143.45,0.0,0.0,308.01,991.34,
2024-04-11,13.91,27.84,1.92,1.22,3.95,3.15,20.07,0.57,7.99,0.11,,,,0.06,0.34,33.73,31.14,0.43,148.62,0.0,0.0,297.67,991.93,
2024-04-12,14.63,29.28,1.95,1.21,3.97,2.86,20.05,0.39,8.04,0.08,,,,0.04,0.24,32.13,38.29,0.44,152.06,0.0,0.0,316.57,991.94,
2024-04-13,16.94,33.86,1.99,1.18,4.01,4.5,20.03,1.02,7.87,0.2,,,,0.11,0.61,32.71,38.16,0.28,137.53,0.0,0.0,322.09,991.54,
2024-04-14,13.43,26.88,1.96,1.23,4.02,2.9,20.27,0.44,7.12,0.09,,,,0.05,0.26,34.03,39.37,0.33,131.64,0.0,0.0,297.1,991.82,
2024-04-15,16.35,32.7,1.95,1.22,3.98,3.07,20.51,0.45,9.97,0.09,,,,0.05,0.27,34.99,40.04,0.3,119.85,0.0,0.0,308.26,991.01,
2024-04-16,17.97,35.94,1.96,1.23,4.0,2.53,20.79,0.33,8.18,0.07,,,,0.04,0.2,35.13,39.01,0.39,126.19,0.0,0.0,295.63,988.76,
2024-04-17,18.9,37.81,1.96,1.2,3.97,2.3,21.17,0.22,10.95,0.04,,,,0.03,0.15,34.02,32.53,0.48,128.64,0.0,0.0,291.64,987.53,
2024-04-18,17.53,35.06,1.95,1.25,4.01,2.37,20.92,0.17,10.66,0.03,,,,0.02,0.1,34.29,29.76,0.51,133.61,0.0,0.0,288.68,986.65,
2024-04-19,16.86,33.72,1.95,1.24,4.0,2.35,21.15,0.16,9.9,0.03,,,,0.02,0.11,36.01,28.85,0.5,130.96,0.0,0.0,285.08,984.06,
2024-04-20,16.76,33.5,1.92,1.21,3.93,2.6,21.14,0.19,8.55,0.04,,,,0.02,0.12,36.23,27.58,0.4,131.35,0.0,0.0,303.65,983.72,
2024-04-21,20.18,40.36,1.94,1.25,4.0,2.67,20.93,0.24,11.96,0.05,,,,0.03,0.16,35.12,27.1,0.37,132.51,0.0,0.0,331.93,985.44,
2024-04-22,16.39,32.77,1.94,1.23,3.98,3.13,21.13,0.51,8.3,0.1,,,,0.05,0.31,34.12,33.35,0.36,132.5,0.0,0.0,287.72,987.1,
2024-04-23,12.17,24.36,1.94,1.21,3.95,2.51,21.15,0.23,9.08,0.05,,,,0.03,0.14,35.07,38.96,0.42,126.14,0.0,0.0,296.87,986.07,
2024-04-24,12.44,24.83,1.96,1.24,4.01,3.02,21.0,0.29,8.54,0.06,,,,0.04,0.19,35.39,32.49,0.42,129.87,0.0,0.0,281.09,985.98,
2024-04-25,14.13,28.27,1.93,1.22,3.95,2.96,22.21,0.32,11.13,0.06,,,,0.04,0.2,35.7,25.73,0.38,124.42,0.0,0.0,281.17,986.39,
2024-04-26,14.24,28.5,1.94,1.26,4.0,3.05,21.19,0.34,10.25,0.07,,,,0.04,0.21,36.52,25.21,0.34,126.56,0.0,0.0,280.62,985.82,
2024-04-27,11.45,22.92,1.95,1.24,4.0,2.35,20.95,0.13,9.67,0.03,,,,0.02,0.09,36.26,30.84,0.44,126.75,0.0,0.0,291.34,986.69,
2024-04-28,14.99,29.98,1.94,1.21,3.95,2.42,21.41,0.2,9.4,0.04,,,,0.03,0.14,36.58,28.65,0.38,125.95,0.0,0.0,290.95,986.44,
2024-04-29,16.92,33.83,1.95,1.24,4.01,3.74,21.64,0.68,10.4,0.14,,,,0.07,0.41,36.79,26.68,0.3,128.12,0.0,0.0,287.34,986.74,
2024-04-30,19.7,39.42,1.96,1.23,4.01,2.41,21.59,0.28,12.33,0.06,,,,0.04,0.19,36.7,26.41,0.48,134.51,0.0,0.0,278.04,983.32,
2024-05-01,16.64,33.27,1.92,1.22,3.95,3.2,21.01,0.43,13.33,0.09,,,,0.05,0.26,34.63,23.89,0.34,126.73,0.0,0.0,280.23,982.56,
2024-05-02,17.96,35.95,1.94,1.23,3.98,2.66,20.6,0.25,13.75,0.05,,,,0.03,0.17,32.91,22.74,0.44,126.73,0.0,0.0,282.36,984.63,
2024-05-03,17.37,34.76,1.95,1.18,3.94,3.63,20.88,0.61,14.61,0.12,,,,0.06,0.36,33.15,25.04,0.33,122.64,0.0,0.0,278.1,986.45,
2024-05-04,19.96,39.9,1.96,1.21,3.99,4.03,19.95,0.68,13.76,0.14,,,,0.07,0.41,34.52,25.43,0.3,118.13,0.0,0.0,290.08,986.14,
2024-05-05,24.67,49.36,1.92,1.24,3.97,4.42,20.6,1.39,12.61,0.3,,,,0.16,0.9,36.17,26.79,0.31,121.14,0.0,0.0,275.17,982.52,
2024-05-06,21.94,43.88,1.91,1.26,3.97,2.74,21.54,0.79,9.16,0.16,,,,0.08,0.48,34.65,46.91,0.65,180.24,0.0,0.0,285.76,984.24,
2024-05-07,16.07,32.14,1.94,1.28,4.04,2.4,20.05,0.32,9.86,0.06,,,,0.03,0.19,31.54,59.58,0.88,193.27,0.0,0.0,304.41,988.04,
2024-05-08,10.4,20.81,1.98,1.3,4.12,2.67,18.6,0.36,12.59,0.07,,,,0.04,0.22,31.19,54.58,0.72,186.62,0.0,0.0,311.85,988.96,
2024-05-09,10.8,21.59,1.97,1.3,4.1,2.46,18.71,0.37,14.27,0.07,,,,0.04,0.22,31.78,56.14,0.75,192.71,0.0,0.0,304.32,987.82,
2024-05-10,10.21,20.43,1.95,1.29,4.06,2.78,18.89,0.43,14.41,0.09,,,,0.04,0.26,32.26,51.56,0.59,185.57,0.0,0.0,307.24,988.34,
2024-05-11,15.5,31.01,2.0,1.28,4.11,2.69,18.95,0.5,13.96,0.1,,,,0.05,0.3,33.6,54.49,0.57,175.16,0.0,0.0,326.57,988.53,
2024-05-12,12.71,25.43,1.97,1.23,4.02,2.47,18.97,0.39,15.6,0.08,,,,0.04,0.24,33.95,54.02,0.48,180.9,0.0,0.0,340.07,989.38,
2024-05-13,11.09,22.17,1.97,1.28,4.07,2.32,19.14,0.38,15.0,0.08,,,,0.04,0.23,33.85,55.36,0.54,176.47,0.0,0.0,326.2,989.66,
2024-05-14,13.63,27.25,1.99,1.32,4.14,2.96,19.12,0.58,14.5,0.12,,,,0.06,0.35,35.33,45.19,0.43,165.73,0.0,0.0,314.23,989.23,
2024-05-15,14.87,29.76,2.01,1.24,4.11,3.06,19.17,0.45,14.98,0.09,,,,0.05,0.27,36.35,36.95,0.32,129.23,0.0,0.0,319.32,989.77,
2024-05-16,18.69,37.38,2.0,1.28,4.13,3.82,19.26,0.98,16.91,0.2,,,,0.1,0.6,32.74,41.71,0.3,132.81,0.0,0.0,0.0,989.6,
2024-05-17,19.65,39.3,1.94,1.32,4.06,3.0,19.71,0.64,11.75,0.13,,,,0.07,0.38,,,,,0.0,0.0,0.0,,
2024-05-18,13.8,27.6,2.05,1.42,4.06,3.27,19.84,0.65,9.99,0.13,,,,0.07,0.41,,,,,0.0,0.0,0.0,,
2024-05-19,14.47,28.93,1.98,1.65,4.44,3.03,19.52,0.5,9.79,0.1,,,,0.06,0.31,,,,,0.0,0.0,0.0,,
2024-05-20,15.18,30.36,1.99,1.3,4.11,2.36,19.61,0.35,12.79,0.07,,,,0.04,0.21,,,,,0.0,0.0,0.0,,
2024-05-21,5.45,18.99,1.99,1.24,4.07,2.34,20.05,0.31,12.25,0.06,,,,0.03,0.18,,,,,0.0,0.0,0.0,,
2024-05-22,3.4,16.71,1.98,1.28,4.08,2.26,19.79,0.31,11.22,0.06,,,,0.03,0.18,34.1,53.28,1.75,213.23,0.0,0.0,0.0,983.28,
2024-05-23,,,1.95,1.33,4.1,2.23,19.96,0.31,7.76,0.06,,,,0.04,0.19,36.28,55.79,0.89,120.41,0.0,0.0,5.98,981.8,
2024-05-24,34.15,52.96,1.9,1.24,3.95,3.3,22.79,0.75,7.13,0.15,,,,0.08,0.45,,,,,0.0,0.0,0.0,,
2024-05-25,30.67,47.59,1.92,1.22,3.95,3.0,22.92,0.6,7.11,0.12,,,,0.06,0.36,,,,,0.0,0.0,5.5,,
2024-05-26,30.53,47.37,1.94,1.26,4.04,2.54,22.95,0.41,8.86,0.08,,,,0.04,0.25,34.51,58.54,0.61,22.56,0.0,0.0,0.0,980.04,
2024-05-27,21.27,32.99,1.99,2.15,4.95,2.51,22.67,0.33,10.2,0.07,,,,0.04,0.21,39.06,45.51,1.69,356.45,0.0,0.0,0.0,978.46,
2024-05-28,32.91,51.07,2.19,3.51,6.52,2.61,20.02,0.4,12.15,0.08,,,,0.05,0.28,,,,,0.0,0.0,20.83,,
2024-05-29,44.76,69.46,2.33,4.27,7.44,3.56,19.92,0.87,14.01,0.18,,,,0.09,0.53,48.91,20.52,0.67,30.27,0.0,0.0,0.0,974.0,
2024-05-30,46.52,70.47,2.07,2.95,5.82,3.04,19.76,0.47,11.2,0.09,,,,0.05,0.28,,,,,0.0,0.0,0.0,,
2024-05-31,36.56,50.03,1.95,1.34,4.1,2.31,19.95,0.38,11.35,0.08,,,,0.04,0.24,40.06,53.58,0.92,347.17,0.0,0.0,20.83,982.44,
2024-06-01,22.45,30.73,1.98,1.29,4.1,2.2,19.87,0.43,11.5,0.09,,,,0.05,0.26,,,,,0.0,0.0,0.0,,
2024-06-02,25.55,34.97,1.91,1.28,3.99,2.08,20.13,0.3,12.66,0.06,,,,0.03,0.18,38.35,43.56,0.46,42.42,0.0,0.0,10.42,985.4,
2024-06-03,24.05,32.92,1.96,1.29,4.07,3.11,20.24,0.54,11.29,0.11,,,,0.06,0.33,,,,,0.0,0.0,0.0,,
2024-06-04,28.37,38.83,1.99,1.26,4.1,2.79,20.3,0.37,15.04,0.07,,,,0.04,0.22,,,,,0.0,0.0,0.0,,
2024-06-05,24.22,33.15,1.98,1.27,4.08,2.39,20.31,0.48,13.99,0.1,,,,0.05,0.29,,,,,0.0,0.0,0.0,,
2024-06-06,29.98,41.03,1.95,1.36,4.12,2.76,21.36,0.42,10.46,0.09,,,,0.04,0.26,32.69,60.9,1.06,229.19,0.0,0.0,0.0,987.84,
2024-06-07,34.4,47.07,1.93,1.23,3.97,3.11,22.92,0.58,12.34,0.11,,,,0.06,0.34,,,,,0.0,0.0,0.0,,
2024-06-08,41.62,56.95,1.89,1.19,3.86,3.1,23.59,0.5,12.67,0.1,,,,0.05,0.3,39.88,31.02,0.27,115.42,0.0,0.0,2.75,979.12,
2024-06-09,31.72,43.41,1.9,1.23,3.94,3.03,23.33,0.43,11.06,0.09,,,,0.05,0.26,43.69,26.12,0.32,196.14,0.0,0.0,20.83,981.06,
2024-06-10,33.32,45.6,1.94,1.23,3.97,3.3,22.55,0.47,12.44,0.09,,,,0.05,0.28,,,,,0.0,0.0,0.0,,
2024-06-11,28.13,38.49,1.91,1.31,4.02,3.31,21.6,0.45,11.92,0.09,,,,0.05,0.27,,,,,0.0,0.0,0.0,,
2024-06-12,34.27,46.87,2.0,1.33,4.16,4.26,20.01,1.08,13.15,0.21,,,,0.11,0.64,35.84,51.96,0.36,136.31,0.0,0.0,11.41,982.88,
2024-06-13,34.73,47.53,1.94,1.2,3.95,2.94,22.79,0.41,10.63,0.08,,,,0.04,0.24,,,,,0.0,0.0,0.0,,
2024-06-14,27.56,37.72,1.84,1.25,3.86,2.62,25.52,0.27,6.52,0.05,,,,0.03,0.17,,,,,0.0,0.0,0.0,,
2024-06-15,33.86,46.34,1.81,1.19,3.75,2.62,25.8,0.32,7.04,0.06,,,,0.03,0.19,,,,,0.0,0.0,0.0,,
2024-06-16,29.08,39.8,1.81,1.21,3.78,2.71,27.33,0.26,5.95,0.05,,,,0.03,0.16,,,,,0.0,0.0,0.0,,
2024-06-17,26.4,36.13,1.81,1.26,3.84,2.17,26.17,0.19,6.93,0.04,,,,0.02,0.12,,,,,0.0,0.0,0.0,,
2024-06-18,25.54,34.94,1.94,1.2,3.97,2.1,24.04,0.15,7.64,0.03,,,,0.03,0.12,,,,,0.0,0.0,0.0,,
2024-06-19,17.23,23.57,1.92,1.2,3.92,2.19,22.97,0.16,6.59,0.03,,,,0.03,0.11,34.85,54.96,0.18,33.02,0.0,0.0,0.0,978.08,
2024-06-20,16.69,22.84,1.91,1.18,3.9,2.39,22.75,0.29,7.88,0.06,,,,0.04,0.2,38.72,49.09,0.85,28.2,0.0,0.0,0.0,980.11,
2024-06-21,14.27,19.53,1.91,1.17,3.89,2.42,22.38,0.29,9.52,0.06,,,,0.04,0.2,,,,,0.0,0.0,0.0,,
2024-06-22,18.36,25.12,1.92,1.18,3.91,2.45,22.62,0.36,6.92,0.07,,,,0.04,0.22,,,,,0.0,0.0,0.0,,
2024-06-23,16.82,23.02,1.9,1.22,3.91,2.22,23.1,0.34,8.25,0.07,,,,0.04,0.21,,,,,0.0,0.0,0.0,,
2024-06-24,19.32,26.43,1.94,1.2,3.95,2.54,22.86,0.44,7.4,0.09,,,,0.05,0.27,,,,,0.0,0.0,0.0,,
2024-06-25,19.26,26.35,1.92,1.23,3.97,2.35,22.6,0.4,7.68,0.08,,,,0.04,0.24,,,,,0.0,0.0,0.0,,
2024-06-26,16.22,22.17,5.16,2.81,9.52,2.18,24.1,0.38,4.54,0.08,,,,0.04,0.24,,,,,0.0,0.0,0.0,,
2024-06-27,14.24,19.49,3.08,2.77,6.82,2.24,23.54,0.42,2.64,0.08,,,,0.04,0.25,,,,,0.0,0.0,0.0,,
2024-06-28,15.62,21.37,1.95,1.27,4.04,2.3,22.93,0.42,4.81,0.09,,,,0.04,0.26,,,,,0.0,0.0,0.0,,
2024-06-29,12.61,17.26,1.96,1.25,4.03,2.27,23.59,0.34,4.59,0.07,,,,0.03,0.2,,,,,0.0,0.0,0.0,,
2024-06-30,9.0,12.32,1.93,1.19,3.92,2.05,23.29,0.27,2.55,0.06,,,,0.03,0.17,,,,,0.0,0.0,0.0,,
2024-07-01,7.29,9.97,1.88,1.2,3.87,2.01,23.74,0.23,2.08,0.04,,,,0.03,0.16,,,,,0.0,0.0,0.0,,
2024-07-02,9.15,12.53,1.93,1.3,4.05,2.02,22.95,0.25,1.79,0.05,,,,0.04,0.19,31.96,73.03,0.58,178.69,0.0,0.0,0.0,976.92,
2024-07-03,8.73,11.95,1.95,1.22,3.99,2.06,22.96,0.38,1.82,0.08,,,,0.05,0.27,,,,,0.0,0.0,0.0,,
2024-07-04,11.08,15.17,1.91,1.26,3.98,2.04,23.2,0.44,2.5,0.09,,,,0.04,0.26,,,,,0.0,0.0,0.0,,
2024-07-05,6.9,9.44,1.95,1.22,3.98,1.92,23.32,0.3,2.13,0.06,,,,0.04,0.19,36.72,63.01,0.35,197.81,0.0,0.0,0.0,977.94,
2024-07-06,8.58,11.74,1.89,1.21,3.82,2.07,23.66,0.44,2.51,0.09,,,,0.05,0.26,,,,,0.0,0.0,0.0,,
2024-07-07,8.07,11.05,2.57,1.52,5.08,2.08,23.33,0.39,1.55,0.08,,,,0.05,0.28,,,,,0.0,0.0,0.0,,
2024-07-08,16.16,22.12,1.94,1.21,3.96,2.21,23.23,0.59,4.03,0.12,,,,0.06,0.36,,,,,0.0,0.0,0.0,,
2024-07-09,17.79,24.35,1.96,1.21,3.99,2.18,22.92,0.48,3.17,0.1,,,,0.05,0.29,,,,,0.0,0.0,0.0,,
2024-07-10,12.34,16.88,1.9,1.2,3.89,1.87,25.1,0.33,15.29,0.07,,,,0.04,0.2,26.82,98.42,0.36,220.35,0.0,0.0,0.0,984.51,
2024-07-11,14.06,18.47,3.49,1.96,6.63,1.86,24.07,0.31,4.3,0.06,,,,0.04,0.19,31.58,83.93,0.47,158.05,0.0,0.0,325.0,981.05,
2024-07-12,32.58,60.34,2.12,1.27,4.28,2.22,20.83,0.31,1.97,0.06,,,,0.04,0.24,30.05,85.96,0.44,155.69,0.0,0.0,253.84,979.62,
2024-07-13,37.13,68.76,2.11,1.28,4.27,2.26,20.56,0.37,3.54,0.07,,,,0.05,0.25,30.97,83.9,0.36,162.86,0.0,0.0,254.96,978.95,
2024-07-14,25.9,47.96,2.03,1.26,4.08,2.06,21.33,0.25,4.42,0.05,,,,0.03,0.17,29.79,88.16,0.52,190.03,0.0,0.0,0.0,978.81,
2024-07-15,33.72,62.44,2.1,1.3,4.28,2.19,20.72,0.32,4.38,0.06,,,,0.04,0.19,,,,,0.0,0.0,0.0,,
2024-07-16,24.06,44.55,2.1,1.3,4.22,2.09,20.93,0.24,3.12,0.04,,,,0.03,0.16,,,,,0.0,0.0,0.0,,
2024-07-17,25.32,46.88,2.19,1.27,4.32,1.92,20.77,0.16,5.16,0.03,,,,0.02,0.12,,,,,0.0,0.0,0.0,,
2024-07-18,33.86,62.7,2.05,1.12,4.01,2.15,21.57,0.33,4.19,0.06,,,,0.04,0.2,,,,,0.0,0.0,0.0,,
2024-07-19,33.34,61.73,1.93,1.22,3.95,1.95,22.88,0.31,3.8,0.06,,,,0.03,0.19,,,,,0.0,0.0,0.0,,
2024-07-20,28.37,52.54,2.03,1.22,4.09,2.07,22.9,0.32,3.23,0.06,,,,0.03,0.18,,,,,0.0,0.0,0.0,,
2024-07-21,24.67,45.69,1.99,1.13,3.94,1.83,22.92,0.19,3.54,0.04,,,,0.03,0.13,,,,,0.0,0.0,0.0,,
2024-07-22,26.7,49.45,2.02,1.21,4.03,1.85,22.17,0.2,4.31,0.04,,,,0.02,0.13,,,,,0.0,0.0,0.0,,
2024-07-23,20.27,37.53,2.08,1.22,4.17,1.9,20.91,0.25,4.05,0.05,,,,0.04,0.19,,,,,0.0,0.0,0.0,,
2024-07-24,28.69,53.14,2.05,1.3,4.21,1.9,21.3,0.26,4.0,0.05,,,,0.04,0.2,,,,,0.0,0.0,0.0,,
2024-07-25,30.38,56.26,2.06,1.23,4.17,1.83,20.81,0.26,4.46,0.05,,,,0.03,0.18,,,,,0.0,0.0,0.0,,
2024-07-26,33.0,61.11,2.07,1.24,4.19,1.88,20.85,0.33,4.06,0.07,,,,0.03,0.2,,,,,0.0,0.0,0.0,,
2024-07-27,28.13,52.08,3.01,1.5,5.48,1.84,21.06,0.26,3.8,0.05,,,,0.03,0.16,,,,,0.0,0.0,0.0,,
2024-07-28,26.75,49.53,2.02,1.32,4.17,1.77,20.99,0.17,4.74,0.03,,,,0.02,0.13,,,,,0.0,0.0,0.0,,
2024-07-29,27.23,50.42,2.1,1.26,4.24,1.78,21.09,0.23,4.23,0.05,,,,0.03,0.16,,,,,0.0,0.0,0.0,,
2024-07-30,28.27,52.35,2.08,1.24,4.19,1.79,20.96,0.16,5.17,0.03,,,,0.02,0.12,,,,,0.0,0.0,0.0,,
2024-07-31,18.51,34.29,2.85,2.23,5.8,1.82,21.23,0.21,4.39,0.04,,,,0.03,0.16,,,,,0.0,0.0,0.0,,
2024-08-01,28.02,51.88,2.7,1.9,5.37,1.83,21.19,0.26,4.5,0.05,,,,0.03,0.16,,,,,0.0,0.0,0.0,,
2024-08-02,18.9,34.99,2.01,1.23,4.07,1.71,22.58,0.2,3.11,0.04,,,,0.03,0.16,31.42,74.05,0.61,160.33,0.0,0.0,99.85,977.45,
2024-08-03,10.46,19.36,3.14,1.8,5.77,1.61,23.79,0.1,1.9,0.02,,,,0.02,0.08,27.43,91.51,0.84,168.0,0.0,0.0,122.05,977.05,
2024-08-04,18.08,33.48,1.97,1.27,4.04,1.69,23.36,0.27,1.51,0.05,,,,0.04,0.21,29.59,86.57,0.68,197.25,0.0,0.0,318.91,982.26,
2024-08-05,24.3,45.0,2.0,1.2,4.03,1.61,23.08,0.17,1.99,0.03,,,,0.02,0.11,31.68,77.2,0.32,134.85,0.0,0.0,307.47,984.08,
2024-08-06,23.14,42.85,2.01,1.22,4.08,1.67,22.22,0.31,1.63,0.06,,,,0.05,0.25,29.07,88.64,0.31,145.2,0.0,0.0,181.14,983.29,
2024-08-07,21.37,39.58,2.03,1.31,4.18,1.73,20.81,0.38,1.8,0.08,,,,0.04,0.24,28.97,91.7,0.37,156.37,0.0,0.0,292.41,983.36,
2024-08-08,28.21,52.24,2.01,1.28,4.13,1.66,21.85,0.26,1.96,0.05,,,,0.03,0.16,30.02,88.0,0.43,154.14,0.0,0.0,326.1,983.6,
2024-08-09,16.96,31.41,1.99,1.23,4.06,1.62,23.23,0.22,1.62,0.04,,,,0.03,0.14,29.03,92.35,0.33,136.54,0.0,0.0,230.97,984.73,
2024-08-10,23.39,43.31,1.98,1.28,4.08,1.59,23.19,0.16,1.47,0.03,,,,0.03,0.13,29.38,89.91,0.26,123.8,0.0,0.0,288.92,984.66,
2024-08-11,18.2,33.71,1.99,1.18,4.0,1.64,23.72,0.15,1.51,0.03,,,,0.02,0.12,29.91,83.54,0.37,149.34,0.0,0.0,271.31,983.62,
2024-08-12,27.52,50.97,2.0,1.23,4.07,1.79,23.11,0.37,1.04,0.07,,,,0.05,0.23,29.74,85.23,0.36,168.3,0.0,0.0,250.75,984.23,
2024-08-13,25.83,47.83,2.0,1.22,4.05,1.77,22.94,0.32,1.22,0.06,,,,0.04,0.2,30.23,86.22,0.29,138.52,0.0,0.0,276.94,985.37,
2024-08-14,32.71,60.59,1.96,1.23,4.01,1.74,23.14,0.39,0.81,0.08,,,,0.04,0.23,29.46,92.14,0.26,134.3,0.0,0.0,240.11,985.71,
2024-08-15,29.45,54.54,1.97,1.23,4.02,1.75,23.25,0.27,1.9,0.05,,,,0.03,0.17,30.21,88.52,0.29,135.73,0.0,0.0,291.36,984.37,
2024-08-16,30.93,57.28,1.98,1.24,4.03,1.8,23.11,0.3,2.34,0.06,,,,0.03,0.18,31.68,83.58,0.31,124.62,0.0,0.0,338.08,983.67,
2024-08-17,30.98,57.32,5.95,2.66,10.97,2.04,24.14,0.32,2.13,0.06,,,,0.04,0.2,32.46,79.35,0.39,139.04,0.0,0.0,332.62,984.9,
2024-08-18,18.55,34.35,2.01,1.23,4.06,1.89,23.44,0.12,3.24,0.03,,,,0.02,0.09,29.5,86.21,0.37,131.96,0.0,0.0,206.44,986.49,
2024-08-19,21.48,39.77,2.05,1.2,4.11,1.85,23.18,0.15,2.79,0.03,,,,0.02,0.12,31.63,79.29,0.3,127.76,0.0,0.0,349.09,985.26,
2024-08-20,22.87,42.35,2.01,1.23,4.09,1.99,23.55,0.31,1.91,0.06,,,,0.05,0.25,29.48,89.61,0.31,147.84,0.0,0.0,227.57,985.83,
2024-08-21,39.98,74.03,2.02,1.23,4.09,2.06,23.57,0.53,1.66,0.11,,,,0.05,0.32,29.55,90.54,0.26,142.61,0.0,0.0,202.09,986.63,
2024-08-22,24.63,45.61,2.08,1.26,4.22,2.02,21.13,0.31,2.39,0.06,,,,0.04,0.22,29.54,88.22,0.31,141.69,0.0,0.0,248.34,985.8,
2024-08-23,20.83,38.57,2.08,1.33,4.29,2.03,21.24,0.39,1.78,0.08,,,,0.05,0.26,28.38,94.29,0.31,153.1,0.0,0.0,211.37,985.46,
2024-08-24,20.72,38.37,2.07,1.26,4.19,1.99,21.35,0.33,2.63,0.07,,,,0.04,0.24,29.4,86.12,0.69,191.34,0.0,0.0,281.89,983.31,
2024-08-25,,,2.06,1.28,4.21,2.19,21.33,0.28,2.36,0.06,,,,0.03,0.17,30.15,82.53,0.55,194.72,0.0,0.0,287.55,982.83,
2024-08-26,29.42,54.49,2.05,1.3,4.21,2.01,21.36,0.22,3.24,0.04,,,,0.03,0.15,30.99,79.82,0.58,192.29,0.0,0.0,333.97,982.94,
2024-08-27,17.93,33.21,2.02,1.28,4.14,1.9,21.33,0.3,1.7,0.06,,,,0.04,0.23,27.52,92.78,0.46,182.72,0.0,0.0,150.16,984.63,
2024-08-28,21.01,38.9,2.89,3.01,5.63,1.91,21.28,0.28,1.52,0.05,,,,0.04,0.2,29.51,87.02,0.34,153.31,0.0,0.0,345.22,985.96,
2024-08-29,35.74,66.18,2.02,1.27,4.13,1.89,22.56,0.42,2.09,0.09,,,,0.04,0.26,31.59,79.58,0.34,166.0,0.0,0.0,315.55,985.53,
2024-08-30,38.56,71.41,2.04,1.22,4.11,2.14,22.39,0.45,4.26,0.09,,,,0.05,0.27,31.96,78.63,0.37,167.62,0.0,0.0,315.25,985.92,
2024-08-31,45.52,84.3,2.04,1.29,4.02,2.15,21.34,0.4,3.71,0.08,,,,0.04,0.25,33.17,76.62,0.42,163.29,0.0,0.0,339.15,985.0,
2024-09-01,34.4,63.7,2.06,3.15,4.19,1.85,21.45,0.18,3.61,0.04,,,,0.02,0.11,32.01,80.11,0.67,199.79,0.0,0.0,328.33,985.37,
2024-09-02,30.36,56.23,17.03,9.98,21.15,1.93,21.34,0.25,2.94,0.05,,,,0.03,0.19,31.47,79.87,0.66,195.57,0.0,0.0,270.07,986.16,
2024-09-03,33.08,61.26,2.08,1.26,4.22,2.18,21.27,0.33,2.56,0.07,,,,0.04,0.23,32.55,75.51,0.54,198.71,0.0,0.0,297.31,986.33,
2024-09-04,35.79,66.27,2.1,1.21,4.2,2.06,21.3,0.28,3.17,0.06,,,,0.03,0.18,30.9,83.08,0.42,171.58,0.0,0.0,289.78,984.3,
2024-09-05,39.44,73.04,2.07,1.28,4.22,2.2,21.27,0.37,2.52,0.07,,,,0.04,0.22,29.44,88.22,0.36,162.17,0.0,0.0,254.9,983.35,
2024-09-06,27.47,50.87,2.07,1.25,4.19,2.05,21.3,0.28,3.33,0.06,,,,0.04,0.2,30.23,85.27,0.43,188.21,0.0,0.0,312.99,985.05,
2024-09-07,44.81,82.98,2.05,1.29,4.21,2.13,21.36,0.48,3.81,0.1,,,,0.05,0.29,30.82,85.97,0.29,152.05,0.0,0.0,300.23,984.94,
2024-09-08,46.51,86.12,2.07,1.26,4.21,2.08,21.37,0.55,3.1,0.11,,,,0.06,0.33,31.4,82.73,0.29,143.46,0.0,0.0,314.05,984.29,
2024-09-09,34.01,62.98,2.07,1.22,4.17,2.08,21.4,0.35,3.28,0.07,,,,0.04,0.21,32.12,78.72,0.51,175.31,0.0,0.0,308.35,982.05,
2024-09-10,22.81,42.24,2.0,1.21,4.06,1.89,22.64,0.18,2.51,0.04,,,,0.02,0.14,31.45,79.11,0.71,194.61,0.0,0.0,316.35,980.56,
2024-09-11,24.24,44.89,7.34,6.46,7.18,1.99,23.84,0.21,1.89,0.04,,,,0.03,0.17,31.06,80.51,0.92,222.84,0.0,0.0,320.73,980.72,
2024-09-12,31.86,59.0,18.83,18.21,10.99,2.16,23.49,0.39,1.36,0.08,,,,0.04,0.24,30.13,83.95,0.59,197.28,0.0,0.0,281.82,983.34,
2024-09-13,35.23,65.25,2.02,1.23,4.1,1.88,23.29,0.1,2.35,0.02,,,,0.02,0.07,30.99,80.21,0.42,134.9,0.0,0.0,342.74,983.92,
2024-09-14,34.24,63.4,2.02,1.19,4.05,1.8,23.29,0.05,3.12,0.01,,,,0.01,0.04,30.74,79.26,0.43,127.02,0.0,0.0,344.65,983.38,
2024-09-15,32.13,59.51,2.03,1.21,4.08,1.89,23.1,0.19,2.54,0.04,,,,0.03,0.14,28.76,88.2,0.44,126.7,0.0,0.0,226.7,983.46,
2024-09-16,35.51,65.76,2.01,1.21,4.06,1.97,23.32,0.28,2.2,0.06,,,,0.03,0.17,29.71,82.58,0.57,151.98,0.0,0.0,279.05,984.16,
2024-09-17,22.21,41.13,2.0,1.18,4.02,1.64,24.93,0.11,2.43,0.02,,,,0.03,0.14,26.37,96.71,0.88,183.65,0.0,0.0,53.0,983.44,
2024-09-18,37.94,70.26,2.02,1.22,4.09,2.03,23.79,0.36,1.91,0.07,,,,0.05,0.25,29.73,84.63,0.63,200.5,0.0,0.0,286.26,984.78,
2024-09-19,39.02,72.27,2.02,1.19,4.05,1.99,23.26,0.17,2.59,0.03,,,,0.02,0.11,31.07,78.4,0.29,122.46,0.0,0.0,307.7,986.33,
2024-09-20,,,2.03,1.28,4.16,2.08,22.28,0.24,2.99,0.05,,,,0.03,0.15,31.57,75.47,0.3,118.95,0.0,0.0,311.96,986.56,
2024-09-21,40.59,75.16,2.03,1.2,4.08,2.12,23.37,0.25,2.91,0.05,,,,0.03,0.15,32.12,75.14,0.29,110.65,0.0,0.0,312.4,987.25,
2024-09-22,33.41,61.87,2.02,1.2,4.07,1.94,23.43,0.15,3.53,0.03,,,,0.02,0.09,32.39,75.65,0.32,124.41,0.0,0.0,347.4,986.4,
2024-09-23,35.63,65.97,2.02,1.23,4.1,2.14,23.61,0.32,3.52,0.06,,,,0.03,0.19,32.62,75.98,0.28,125.26,0.0,0.0,305.49,986.02,
2024-09-24,39.47,73.09,1.98,1.18,3.99,2.15,23.78,0.36,3.02,0.07,,,,0.04,0.21,32.91,76.6,0.45,166.57,0.0,0.0,331.36,985.22,
2024-09-25,25.29,46.83,1.97,1.24,4.03,2.03,23.65,0.23,2.49,0.05,,,,0.03,0.14,30.1,83.41,0.66,188.42,0.0,0.0,266.12,985.62,
2024-09-26,14.16,26.22,2.03,1.21,4.09,1.89,23.51,0.24,1.56,0.05,,,,0.03,0.19,27.89,89.75,0.64,194.41,0.0,0.0,185.59,984.26,
2024-09-27,24.49,45.34,25.22,12.3,31.01,1.79,24.99,0.46,1.44,0.09,,,,0.05,0.29,28.33,91.92,0.76,248.56,0.0,0.0,247.69,985.7,
2024-09-28,22.63,41.91,2.0,1.22,4.04,1.92,23.68,0.32,1.24,0.06,,,,0.03,0.19,28.7,89.82,0.42,176.65,0.0,0.0,240.69,987.66,
2024-09-29,20.22,37.46,16.78,6.08,14.46,1.82,23.66,0.23,1.7,0.05,,,,0.03,0.14,29.47,88.46,0.32,152.33,0.0,0.0,240.74,989.39,
2024-09-30,24.27,44.95,2.03,1.26,4.13,1.81,23.59,0.25,1.91,0.05,,,,0.03,0.15,30.44,86.58,0.29,116.23,0.0,0.0,310.56,988.49,
2024-10-01,32.23,59.69,1.98,1.29,4.08,1.85,23.68,0.17,3.08,0.03,,,,0.02,0.12,31.33,79.26,0.36,123.2,0.0,0.0,319.39,986.64,
2024-10-02,49.59,91.83,2.0,1.24,4.08,1.94,23.46,0.17,4.16,0.04,,,,0.02,0.1,31.82,77.48,0.31,119.67,0.0,0.0,327.83,985.44,
2024-10-03,59.14,109.5,11.9,16.51,8.86,2.1,23.84,0.35,4.41,0.07,,,,0.04,0.21,31.2,79.74,0.32,130.32,0.0,0.0,309.77,985.23,
2024-10-04,55.33,102.46,1.98,1.37,4.16,2.26,23.61,0.42,3.26,0.08,,,,0.04,0.25,30.94,76.73,0.32,145.5,0.0,0.0,317.59,986.46,
2024-10-05,62.08,114.97,2.03,1.22,4.11,2.57,23.42,0.63,2.67,0.13,,,,0.06,0.38,29.91,76.43,0.35,151.7,0.0,0.0,291.7,988.57,
2024-10-06,44.99,83.31,2.06,1.24,4.17,2.1,23.41,0.53,2.25,0.11,,,,0.06,0.32,30.17,79.46,0.38,164.53,0.0,0.0,302.1,991.6,
2024-10-07,40.49,74.99,2.05,1.2,4.12,2.32,23.36,0.44,2.58,0.09,,,,0.05,0.27,30.68,79.68,0.41,190.3,0.0,0.0,278.52,993.51,
2024-10-08,51.96,96.22,2.04,1.23,4.13,2.44,23.53,0.56,2.31,0.11,,,,0.06,0.33,31.04,77.07,0.36,171.16,0.0,0.0,288.73,993.06,
2024-10-09,47.09,87.21,2.04,1.2,4.09,2.04,23.72,0.27,3.55,0.05,,,,0.03,0.16,31.07,74.58,0.27,125.69,0.0,0.0,301.16,990.98,
2024-10-10,42.8,79.25,2.04,1.19,4.09,2.0,23.45,0.21,4.11,0.04,,,,0.02,0.13,30.94,71.45,0.28,124.85,0.0,0.0,310.97,990.11,
2024-10-11,63.71,117.98,2.05,1.23,4.15,2.03,23.37,0.37,4.95,0.07,,,,0.04,0.22,30.39,72.32,0.32,127.79,0.0,0.0,294.97,990.04,
2024-10-12,33.01,53.75,2.07,1.16,4.11,2.18,23.42,0.43,3.78,0.09,,,,0.04,0.26,29.14,71.96,0.25,120.28,0.0,0.0,270.74,991.67,
2024-10-13,16.64,22.19,2.05,1.19,4.1,2.16,23.3,0.41,4.56,0.08,,,,0.04,0.24,29.67,70.61,0.27,129.52,0.0,0.0,295.85,992.55,
2024-10-14,22.03,29.37,2.03,1.22,4.11,2.53,23.47,0.6,3.9,0.12,,,,0.06,0.36,28.37,76.07,0.23,122.45,0.0,0.0,220.79,992.71,
2024-10-15,24.93,32.03,2.05,1.19,4.09,2.54,23.32,0.4,3.89,0.08,,,,0.04,0.24,29.44,66.9,0.29,126.49,0.0,0.0,289.72,991.85,
2024-10-16,58.54,73.17,2.02,1.24,4.1,2.93,23.51,0.65,4.31,0.13,,,,0.07,0.39,30.11,66.91,0.4,182.98,0.0,0.0,300.23,991.43,
2024-10-17,46.72,58.4,2.03,1.2,4.08,2.98,23.45,0.62,3.43,0.12,,,,0.07,0.37,29.77,65.4,0.36,172.12,0.0,0.0,300.58,991.63,
2024-10-18,51.51,64.38,18.63,19.61,17.2,3.2,22.91,0.67,3.43,0.13,,,,0.07,0.4,29.96,66.72,0.36,183.99,0.0,0.0,301.69,991.57,
2024-10-19,52.69,65.87,1.99,1.33,4.14,2.88,22.45,0.57,5.15,0.11,,,,0.06,0.34,30.09,66.04,0.37,156.79,0.0,0.0,293.35,992.32,
2024-10-20,58.85,73.56,1.97,1.25,4.03,2.72,23.18,0.57,5.94,0.11,,,,0.06,0.34,30.48,65.12,0.41,174.34,0.0,0.0,285.06,993.41,
2024-10-21,45.68,57.09,1.98,1.24,4.04,2.56,23.98,0.52,4.09,0.1,,,,0.05,0.32,30.24,63.02,0.31,141.25,0.0,0.0,284.54,993.43,
2024-10-22,49.12,61.4,1.95,1.2,3.98,2.62,24.88,0.58,3.14,0.12,,,,0.06,0.34,29.62,66.28,0.33,123.4,0.0,0.0,286.39,993.24,
2024-10-23,49.8,62.25,1.84,1.12,3.73,2.84,30.77,0.67,0.98,0.13,,,,0.07,0.4,29.26,68.83,0.29,131.44,0.0,0.0,271.22,992.07,
2024-10-24,37.14,46.42,2.01,1.29,4.15,2.52,22.91,0.55,1.58,0.11,,,,0.06,0.33,29.04,74.28,0.52,169.69,0.0,0.0,271.16,990.72,
2024-10-25,18.13,22.67,1.96,1.22,4.01,1.97,24.62,0.22,1.38,0.04,,,,0.03,0.16,25.99,80.42,0.53,201.38,0.0,0.0,206.33,991.67,
2024-10-26,24.72,30.91,1.69,1.04,3.43,1.91,37.49,0.3,0.68,0.06,,,,0.03,0.18,28.2,75.9,0.46,183.21,0.0,0.0,261.63,991.42,
2024-10-27,22.25,27.81,97.94,72.13,94.97,1.85,40.43,0.33,0.7,0.07,,,,0.04,0.24,25.3,91.9,0.41,163.77,0.0,0.0,72.29,990.44,
2024-10-28,40.22,50.27,397.05,286.67,23.99,2.07,42.13,0.84,0.9,0.17,,,,0.09,0.51,27.74,85.88,0.27,137.89,0.0,0.0,201.7,989.53,
2024-10-29,56.86,71.07,,,,2.71,45.2,1.82,1.12,0.24,,,,0.13,0.72,29.79,78.95,0.26,122.1,0.0,0.0,284.5,990.04,
2024-10-30,46.58,58.23,6.23,4.0,12.1,2.6,35.37,0.91,2.46,0.14,,,,0.07,0.41,30.38,72.19,0.25,118.56,0.0,0.0,265.26,991.19,
2024-10-31,71.21,89.02,2.02,1.37,4.22,2.51,21.89,0.62,2.62,0.12,,,,0.06,0.37,30.2,63.29,0.3,133.61,0.0,0.0,269.34,991.59,
2024-11-01,70.31,87.89,2.05,1.26,4.19,2.24,21.95,0.33,4.07,0.07,,,,0.03,0.2,29.23,60.34,0.26,127.41,0.0,0.0,269.27,992.9,
2024-11-02,76.22,95.28,2.05,1.27,4.19,2.74,21.87,0.98,4.32,0.2,,,,0.1,0.59,27.77,59.5,0.28,135.06,0.0,0.0,274.77,994.25,
2024-11-03,75.74,94.68,2.03,1.28,4.18,2.9,21.81,1.14,3.67,0.23,,,,0.12,0.68,27.61,65.82,0.27,141.31,0.0,0.0,267.25,994.51,
2024-11-04,66.07,81.58,2.01,1.27,3.83,2.78,23.06,0.89,1.88,0.18,,,,0.1,0.58,27.22,75.97,0.31,164.49,0.0,0.0,272.66,993.72,
2024-11-05,51.47,61.75,1.97,1.31,2.23,2.88,23.08,0.48,1.85,0.1,,,,0.09,0.54,25.14,85.36,0.23,173.48,0.0,0.0,12.24,995.15,
2024-11-06,49.52,59.42,1.89,1.17,3.85,2.54,27.01,0.48,2.93,0.1,,,,0.05,0.29,27.54,75.55,0.27,166.63,0.0,0.0,276.55,995.54,
2024-11-07,44.21,53.03,1.83,1.17,3.75,2.82,30.02,0.48,1.99,0.1,,,,0.07,0.34,27.58,71.45,0.28,145.49,0.0,0.0,276.87,995.18,
2024-11-08,36.05,43.25,1.92,1.24,3.96,2.57,25.34,0.53,2.03,0.11,,,,0.05,0.32,27.63,68.54,0.33,167.97,0.0,0.0,267.4,995.06,
2024-11-09,40.19,48.23,1.68,1.15,3.44,2.86,36.12,0.54,1.25,0.11,,,,0.06,0.33,27.55,70.75,0.29,151.08,0.0,0.0,280.2,995.34,
2024-11-10,46.86,56.23,1.69,1.2,3.44,3.37,37.84,0.76,1.55,0.15,,,,0.08,0.46,27.22,70.95,0.24,123.42,0.0,0.0,265.93,995.58,
2024-11-11,54.36,65.23,1.83,1.22,3.79,3.05,28.9,1.15,2.68,0.23,,,,0.12,0.69,27.17,71.01,0.23,114.24,0.0,0.0,274.08,995.06,
2024-11-12,57.17,68.61,2.03,1.33,4.24,3.13,21.4,1.17,2.75,0.23,,,,0.12,0.7,27.06,68.92,0.25,126.45,0.0,0.0,272.4,994.45,
2024-11-13,55.9,67.08,1.93,1.2,3.93,2.48,25.73,1.37,2.93,0.27,,,,0.14,0.82,26.95,61.24,0.27,125.61,0.0,0.0,269.73,993.51,
2024-11-14,49.68,59.62,1.8,1.13,3.66,3.53,30.92,0.73,2.17,0.15,,,,0.08,0.44,25.84,57.05,0.27,128.83,0.0,0.0,268.18,994.97,
2024-11-15,59.92,71.9,2.04,1.32,4.23,2.89,21.4,0.63,2.82,0.13,,,,0.07,0.38,24.79,59.69,0.3,122.57,0.0,0.0,268.73,995.03,
2024-11-16,43.84,52.62,2.07,1.26,4.23,2.74,21.43,0.43,3.6,0.09,,,,0.04,0.26,25.1,57.52,0.28,128.81,0.0,0.0,263.85,993.69,
2024-11-17,50.02,60.02,2.03,1.31,4.2,2.59,21.37,0.44,3.79,0.09,,,,0.05,0.26,24.66,59.93,0.27,123.85,0.0,0.0,266.61,993.96,
2024-11-18,66.56,79.88,2.02,1.29,4.17,3.03,21.36,1.01,2.61,0.2,,,,0.11,0.61,23.94,61.0,0.26,120.25,0.0,0.0,263.83,995.25,
2024-11-19,68.4,82.08,2.07,1.28,4.21,2.92,21.33,1.41,2.37,0.28,,,,0.15,0.85,23.62,63.63,0.26,121.31,0.0,0.0,260.57,996.32,
2024-11-20,76.11,91.33,2.02,1.3,4.18,2.81,21.43,0.89,3.61,0.18,,,,0.09,0.54,22.27,64.38,0.24,117.67,0.0,0.0,258.71,995.94,
2024-11-21,66.52,79.82,1.93,1.23,3.97,3.15,24.41,0.86,3.56,0.17,,,,0.09,0.52,21.67,63.98,0.23,114.39,0.0,0.0,258.92,995.45,
2024-11-22,74.87,89.84,1.74,1.13,3.59,4.31,30.17,0.99,2.43,0.2,,,,0.1,0.59,21.03,66.6,0.25,126.88,0.0,0.0,257.04,995.39,
2024-11-23,95.27,114.33,1.9,1.23,3.93,4.07,25.42,1.73,2.27,0.35,,,,0.18,1.04,20.8,70.89,0.25,123.5,0.0,0.0,251.83,996.16,
2024-11-24,79.14,94.96,2.06,1.31,4.23,3.05,21.24,1.56,2.9,0.31,,,,0.16,0.94,22.12,69.55,0.25,121.65,0.0,0.0,251.66,996.04,
2024-11-25,37.99,50.03,2.05,1.32,4.24,3.05,21.35,0.79,3.91,0.16,,,,0.08,0.47,22.5,64.32,0.24,129.92,0.0,0.0,249.59,995.77,
2024-11-26,33.46,44.62,2.03,1.34,4.23,2.81,21.32,0.64,3.79,0.13,,,,0.07,0.38,22.37,65.24,0.24,123.31,0.0,0.0,250.34,995.38,
2024-11-27,42.61,56.82,2.05,1.28,4.2,2.64,21.36,0.98,2.92,0.19,,,,0.1,0.59,21.39,63.8,0.23,118.72,0.0,0.0,246.81,995.52,
2024-11-28,42.08,56.11,2.07,1.27,4.19,2.99,21.47,1.49,2.39,0.3,,,,0.16,0.9,20.96,62.12,0.25,124.63,0.0,0.0,247.39,996.62,
2024-11-29,50.97,67.96,2.02,1.26,4.13,2.55,21.31,2.04,2.55,0.41,,,,0.21,1.23,20.72,66.26,0.24,126.29,0.0,0.0,242.28,997.07,
2024-11-30,46.03,61.38,2.03,1.29,4.17,3.0,21.27,1.68,2.58,0.34,,,,0.18,1.01,20.93,64.36,0.21,114.75,0.0,0.0,248.18,995.35,
2024-12-01,59.48,79.31,2.02,1.33,4.19,2.95,21.36,1.53,2.72,0.31,,,,0.16,0.92,20.44,67.07,0.22,118.95,0.0,0.0,238.49,993.88,
2024-12-02,52.06,80.97,2.03,1.23,4.13,3.11,21.97,2.12,3.77,0.51,,,,0.27,1.54,21.11,67.93,0.25,129.58,0.0,0.0,245.05,994.27,
2024-12-03,53.11,82.06,2.05,1.28,4.19,2.97,21.43,2.22,3.08,0.44,,,,0.29,1.65,21.48,68.11,0.23,122.56,0.0,0.0,245.14,995.45,
2024-12-04,29.41,51.66,2.02,1.29,4.16,2.65,21.42,0.03,4.35,0.01,,,,0.03,0.13,22.63,59.81,0.29,123.46,0.0,0.0,244.52,994.48,
2024-12-05,22.92,41.58,2.03,1.32,4.21,2.62,21.36,0.0,3.42,0.0,,,,,,21.97,55.3,0.3,132.87,0.0,0.0,244.21,994.74,
2024-12-06,25.45,47.04,2.03,1.28,4.16,2.77,21.85,0.14,5.34,0.03,,,,0.05,0.26,20.51,53.85,0.29,125.43,0.0,0.0,243.92,994.18,
2024-12-07,28.02,56.0,2.05,1.35,4.25,2.57,21.32,1.56,2.95,0.31,,,,0.19,0.97,20.6,55.72,0.26,132.99,0.0,0.0,245.13,994.33,
2024-12-08,42.63,73.21,2.02,1.31,4.19,2.79,21.31,1.82,2.02,0.36,,,,0.19,1.09,20.84,56.99,0.31,161.91,0.0,0.0,237.84,994.24,
2024-12-09,39.02,64.47,2.02,1.33,4.19,3.24,21.4,0.77,3.25,0.16,,,,0.08,0.47,21.01,58.93,0.37,155.65,0.0,0.0,231.96,993.9,
2024-12-10,36.88,58.23,2.04,1.32,4.17,2.72,21.23,0.45,3.52,0.09,,,,0.05,0.27,19.23,64.72,0.32,124.97,0.0,0.0,235.44,996.23,
2024-12-11,28.42,46.84,2.06,1.26,4.16,2.76,20.61,0.25,3.28,0.05,,,,0.03,0.18,18.59,56.21,0.27,127.65,0.0,0.0,242.25,997.38,
2024-12-12,32.31,54.78,2.04,1.28,4.17,3.2,21.2,0.4,3.58,0.08,,,,0.05,0.26,18.13,52.92,0.29,125.23,0.0,0.0,241.66,996.18,
2024-12-13,38.5,63.83,2.06,1.27,4.18,3.12,21.32,0.4,4.47,0.08,,,,0.04,0.24,17.51,53.88,0.33,132.1,0.0,0.0,241.83,997.03,
2024-12-14,28.21,,2.03,1.33,4.19,3.14,21.28,0.27,3.54,0.05,,,,0.04,0.19,17.45,50.97,0.29,117.79,0.0,0.0,240.97,998.51,
2024-12-15,36.91,,1.99,1.35,4.15,3.42,21.28,0.56,3.27,0.11,,,,0.06,0.34,17.62,55.57,0.26,124.44,0.0,0.0,239.54,999.36,
2024-12-16,54.6,96.87,2.06,1.44,4.24,3.58,21.74,1.53,3.61,0.31,,,,0.16,0.92,17.82,61.23,0.25,129.44,0.0,0.0,235.35,997.73,
2024-12-17,63.57,106.2,2.02,1.37,4.21,3.27,21.47,2.33,2.73,0.47,,,,0.24,1.4,18.11,67.06,0.22,117.15,0.0,0.0,224.2,996.69,
2024-12-18,76.49,124.04,2.01,1.36,4.2,2.53,21.56,2.72,2.25,0.74,,,,0.39,2.22,18.06,73.84,0.22,115.77,0.0,0.0,217.25,995.93,
2024-12-19,70.36,111.85,2.03,1.33,4.2,2.47,21.6,2.76,1.48,0.73,,,,0.38,2.18,18.65,73.22,0.29,147.38,0.0,0.0,231.63,996.35,
2024-12-20,37.82,56.74,2.03,1.26,4.14,2.91,21.65,1.67,1.98,0.33,,,,0.17,1.0,19.35,70.49,0.29,145.17,0.0,0.0,228.15,994.68,
2024-12-21,34.19,51.29,2.02,1.31,4.16,2.77,21.62,1.29,1.92,0.26,,,,0.13,0.77,19.2,71.22,0.22,108.35,0.0,0.0,211.63,995.39,
2024-12-22,30.94,46.41,2.04,1.32,4.17,2.88,21.63,0.86,2.38,0.17,,,,0.09,0.52,18.92,70.26,0.25,123.27,0.0,0.0,223.08,996.55,
2024-12-23,28.18,42.27,2.03,1.29,4.16,2.96,21.61,0.74,1.67,0.15,,,,0.08,0.44,19.41,70.04,0.36,167.65,0.0,0.0,191.11,996.27,
2024-12-24,26.6,41.55,2.02,1.31,4.17,3.05,22.04,0.48,2.61,0.1,,,,0.05,0.29,20.28,64.35,0.4,170.79,0.0,0.0,201.45,996.23,
2024-12-25,32.17,53.62,2.06,1.34,4.23,2.64,21.57,0.69,1.48,0.14,,,,0.07,0.42,19.76,68.06,0.32,148.34,0.0,0.0,135.26,998.25,
2024-12-26,42.64,71.08,2.01,1.31,4.13,2.18,21.89,2.04,1.48,0.41,,,,0.21,1.23,20.85,67.68,0.25,139.17,0.0,0.0,200.36,1000.56,
2024-12-27,40.03,66.71,2.02,1.31,4.14,1.96,21.68,1.83,1.43,0.36,,,,0.36,2.06,22.07,69.57,0.35,164.39,0.0,0.0,209.77,999.82,
2024-12-28,29.0,48.33,2.01,1.29,4.12,2.51,21.64,0.01,1.12,0.0,,,,0.01,0.04,19.3,81.04,0.39,163.33,0.0,0.0,65.7,998.97,
2024-12-29,23.57,39.28,2.03,1.29,4.14,1.9,21.67,0.0,1.38,0.0,,,,0.01,0.03,19.47,87.63,0.37,125.92,0.0,0.0,225.12,998.97,
2024-12-30,14.25,23.74,2.05,1.22,4.1,1.96,21.64,0.0,1.6,0.0,,,,,,16.9,84.26,0.4,127.68,0.0,0.0,158.74,1000.19,
2024-12-31,13.07,21.78,2.03,1.27,4.13,2.02,21.73,0.0,1.52,0.0,,,,,,15.74,79.43,0.38,131.26,0.0,0.0,88.17,1001.25,
